ticker,signal_date,close,wr,atr_ratio,price_h4,ret_h4_pct,price_h12,ret_h12_pct,price_h26,ret_h26_pct
AEHR,2012-11-09,1.02,-51.92,0.906,0.85,-16.667,0.92,-9.804,1.17,14.706
BA,2012-11-09,61.3827,-21.77,0.918,62.5475,1.898,62.7403,2.212,79.8881,30.148
FN,2012-11-09,11.97,-45.05,0.977,11.97,0.0,14.43,20.551,13.9,16.124
ON,2012-11-09,6.16,-72.17,0.95,6.72,9.091,8.15,32.305,7.97,29.383
DGX,2012-11-16,43.7946,-79.53,0.935,44.8326,2.37,44.5567,1.74,46.4719,6.113
LRN,2012-11-16,20.45,-73.94,0.889,19.21,-6.064,20.31,-0.685,29.61,44.792
AMZN,2012-11-23,11.994,-52.75,0.828,12.846,7.104,13.2545,10.509,13.087,9.113
AVGO,2012-11-23,2.4205,-63.35,0.92,2.2736,-6.068,2.5477,5.255,2.4854,2.683
CAT,2012-11-23,59.8914,-70.49,0.956,62.9132,5.046,68.4315,14.259,62.1,3.688
CERS,2012-11-23,3.15,-49.46,0.985,3.3,4.762,3.15,0.0,5.16,63.81
CGNX,2012-11-23,7.6401,-67.6,0.995,8.3036,8.685,9.5324,24.768,10.0792,31.925
CTAS,2012-11-23,8.7179,-71.14,0.952,8.8843,1.909,9.5287,9.3,9.597,10.083
CW,2012-11-23,28.578,-56.22,0.904,30.6027,7.085,34.1227,19.402,33.3629,16.743
GGG,2012-11-23,13.4435,-49.07,0.969,14.4472,7.466,16.2686,21.015,16.9675,26.214
ICE,2012-11-23,22.3072,-66.05,0.806,21.4672,-3.766,26.604,19.262,28.5085,27.799
MTSI,2012-11-23,24.73,-57.11,0.971,28.99,17.226,31.33,26.688,35.59,43.914
MU,2012-11-23,5.5388,-68.29,0.895,6.1629,11.267,7.7133,39.26,11.3018,104.049
NBIX,2012-11-23,7.23,-74.88,0.96,7.92,9.544,11.02,52.42,13.17,82.158
NVDA,2012-11-23,0.2742,-77.29,0.966,0.2846,3.775,0.2933,6.968,0.3388,23.551
NVS,2012-11-23,32.8705,-61.28,0.932,34.264,4.239,37.5229,14.154,41.8532,27.328
ORCL,2012-11-23,25.3185,-62.21,0.79,27.7987,9.796,28.6633,13.211,28.0375,10.739
PACB,2012-11-23,1.45,-63.89,0.968,1.61,11.034,2.18,50.345,2.6,79.31
PCRX,2012-11-23,16.22,-72.88,0.909,16.5,1.726,19.87,22.503,29.3,80.641
RTX,2012-11-23,36.0986,-44.74,0.927,37.9033,4.999,41.9365,16.172,44.1507,22.306
SCHW,2012-11-23,11.2217,-63.58,0.858,12.1463,8.239,14.3865,28.202,16.3667,45.848
SIMO,2012-11-23,9.5912,-66.35,0.978,9.9152,3.378,10.0842,5.14,7.7785,-18.9
SYK,2012-11-23,46.0828,-41.41,0.86,47.2239,2.476,54.2282,17.676,57.1296,23.972
TDY,2012-11-23,62.91,-55.53,0.949,65.2,3.64,70.63,12.271,77.02,22.429
UNH,2012-11-23,43.0141,-60.69,0.95,44.0746,2.466,45.9087,6.729,49.898,16.004
UNP,2012-11-23,45.1415,-55.19,0.934,46.7748,3.618,50.9245,12.811,58.6645,29.957
WFC,2012-11-23,22.6674,-61.88,0.902,23.5413,3.855,24.177,6.66,27.888,23.031
CCJ,2012-11-30,15.6282,-71.8,0.958,16.5652,5.995,18.9034,20.957,18.7143,19.747
COHR,2012-11-30,17.11,-61.75,0.915,18.02,5.319,17.85,4.325,16.6,-2.981
DXCM,2012-11-30,3.27,-69.57,0.882,3.305,1.07,3.9325,20.26,5.2075,59.251
GLW,2012-11-30,8.7044,-51.55,0.956,8.8752,1.962,8.9749,3.107,11.0899,27.406
GSAT,2012-11-30,5.85,-61.29,0.851,4.8,-17.949,5.4,-7.692,8.1,38.462
PTC,2012-11-30,20.25,-76.05,0.952,22.55,11.358,23.5,16.049,25.11,24.0
TGTX,2012-11-30,2.1,-73.68,0.6,3.5,66.667,3.84,82.857,6.4,204.762
VSAT,2012-11-30,38.23,-44.46,0.988,38.04,-0.497,46.74,22.26,70.06,83.259
WULF,2012-11-30,6.0706,-58.9,0.743,6.8115,12.205,7.7919,28.355,13.086,115.563
MELI,2012-12-07,73.1641,-77.55,0.97,81.0055,10.718,83.7451,14.462,114.5252,56.532
KTOS,2012-12-14,4.72,-71.71,0.928,4.71,-0.212,4.47,-5.297,6.61,40.042
MSTR,2012-12-21,9.616,-76.78,0.956,9.379,-2.465,11.228,16.764,8.427,-12.365
SLP,2012-12-21,3.8324,-22.26,0.808,3.5454,-7.489,3.5285,-7.929,3.5553,-7.232
AVGO,2013-01-04,2.3563,-59.23,0.966,2.6289,11.569,2.6181,11.11,2.8453,20.754
CDXS,2013-01-04,2.66,-45.0,0.848,2.39,-10.15,2.39,-10.15,2.38,-10.526
CME,2013-01-04,30.896,-36.99,0.881,33.9241,9.801,35.5454,15.049,45.2161,46.349
CTAS,2013-01-04,9.087,-40.69,0.978,9.0572,-0.328,9.4156,3.616,9.9106,9.063
DGX,2013-01-04,43.9461,-77.28,0.879,44.2597,0.714,43.2329,-1.623,46.7847,6.459
DRS,2013-01-04,2.1653,-73.21,0.789,2.3621,9.089,2.244,3.634,2.8936,33.634
ICE,2013-01-04,22.0368,-45.74,0.882,23.9549,8.704,27.728,25.826,30.1017,36.597
INCY,2013-01-04,17.28,-42.19,0.989,18.44,6.713,23.41,35.475,23.69,37.095
UNH,2013-01-11,42.3046,-73.05,0.932,46.2451,9.315,49.9302,18.025,54.9148,29.808
INSM,2013-02-15,6.18,-77.12,0.825,6.57,6.311,8.35,35.113,11.25,82.039
ILMN,2013-03-01,50.7977,-53.11,0.899,52.5292,3.409,68.3949,34.642,75.7198,49.062
CDXS,2013-03-08,2.46,-31.34,0.814,2.17,-11.789,2.3,-6.504,1.82,-26.016
HDB,2013-03-08,8.9351,-42.47,0.903,8.0197,-10.246,8.9196,-0.174,6.8642,-23.177
INOD,2013-03-08,3.75,-46.87,0.905,3.15,-16.0,3.16,-15.733,2.56,-31.733
KTOS,2013-03-08,4.47,-66.38,0.839,5.09,13.87,5.81,29.978,8.72,95.078
NTDOY,2013-03-08,2.6921,-40.11,0.992,2.6407,-1.909,2.463,-8.512,2.8659,6.455
SIMO,2013-03-08,9.586,-69.85,0.72,7.7499,-19.154,8.1249,-15.243,8.5562,-10.743
TSEM,2013-03-15,7.45,-55.36,0.807,7.31,-1.879,6.19,-16.913,4.8,-35.57
AEHR,2013-03-22,1.05,-25.0,0.885,1.01,-3.81,1.37,30.476,1.73,64.762
DGX,2013-03-22,43.0791,-79.38,0.916,42.8194,-0.603,47.9498,11.306,47.7081,10.745
FSLR,2013-03-22,28.85,-64.94,0.657,38.1,32.062,44.71,54.974,39.02,35.251
HALO,2013-03-22,6.9,-48.99,0.872,6.08,-11.884,6.43,-6.812,9.83,42.464
KMTUY,2013-03-22,23.5248,-60.96,0.828,24.3943,3.696,23.2381,-1.219,24.595,4.549
COHR,2013-03-29,17.04,-78.63,0.807,15.47,-9.214,16.36,-3.991,18.45,8.275
GSAT,2013-03-29,4.8,-80.0,0.95,5.25,9.375,8.55,78.125,15.6,225.0
LHX,2013-03-29,35.3461,-58.97,0.99,33.5079,-5.201,37.3242,5.596,45.8362,29.678
TER,2013-03-29,14.9184,-64.87,0.831,15.0471,0.863,15.5806,4.439,15.369,3.021
BIDU,2013-04-12,90.62,-76.05,0.916,95.45,5.33,91.52,0.993,154.9,70.934
CW,2013-04-12,30.9978,-77.37,0.904,32.6645,5.377,35.4813,14.464,44.1656,42.48
EW,2013-04-12,14.1333,-60.31,0.941,11.3117,-19.964,11.1,-21.462,12.33,-12.759
FN,2013-04-12,13.78,-75.61,0.837,13.9,0.871,14.42,4.644,16.25,17.925
PLUR,2013-04-12,245.6,-76.25,0.853,238.4,-2.932,238.4,-2.932,272.8,11.075
TSM,2013-04-12,12.2313,-70.04,0.884,14.2521,16.522,13.2261,8.133,13.1389,7.421
ALB,2013-04-19,48.4762,-79.93,0.86,55.4979,14.485,53.6093,10.589,55.8868,15.287
DRS,2013-04-19,2.303,-78.12,0.93,2.3227,0.857,2.6967,17.096,3.4447,49.576
ADSK,2013-04-26,37.31,-69.54,0.819,36.08,-3.297,36.49,-2.198,39.87,6.861
CAT,2013-04-26,60.9979,-73.48,0.834,62.1,1.807,62.1267,1.851,61.9191,1.51
CCJ,2013-04-26,16.2703,-72.89,0.934,18.9647,16.56,18.4186,13.204,16.0562,-1.316
DE,2013-04-26,66.9093,-70.95,0.869,67.5354,0.936,66.1917,-1.072,66.1968,-1.065
HEI,2013-04-26,17.221,-64.15,0.875,19.882,15.452,22.1033,28.351,27.1305,57.543
MSTR,2013-04-26,9.771,-73.68,0.89,9.241,-5.424,9.677,-0.962,10.024,2.589
NXPI,2013-04-26,24.0798,-67.95,0.881,26.1239,8.489,28.8024,19.612,35.1549,45.993
ON,2013-04-26,7.53,-77.12,0.882,7.85,4.25,7.97,5.843,6.94,-7.835
ROK,2013-04-26,65.1843,-71.05,0.859,67.5308,3.6,71.7105,10.012,85.8994,31.779
TRMB,2013-04-26,28.21,-73.04,0.885,27.69,-1.843,27.5,-2.517,29.34,4.006
CGNX,2013-05-03,9.5255,-28.53,0.797,10.2806,7.927,11.4956,20.682,14.072,47.73
CRM,2013-05-03,41.5217,-65.58,0.822,41.6101,0.213,42.485,2.32,53.0423,27.746
IOVA,2013-05-03,6.0,-54.55,0.923,5.0,-16.667,6.0,0.0,4.35,-27.5
PW,2013-05-03,103.2,-72.67,0.699,94.1,-8.818,86.0,-16.667,83.2,-19.38
SIMO,2013-05-03,8.2619,-72.07,0.873,8.1249,-1.659,7.6198,-7.772,9.2306,11.725
TSEM,2013-05-03,6.74,-75.63,0.848,6.2,-8.012,4.57,-32.196,4.82,-28.487
EVGN,2013-05-24,108.8,-6.38,0.764,128.0,17.647,115.0,5.699,167.4,53.86
NOVT,2013-06-21,8.34,-65.57,0.867,8.68,4.077,8.71,4.436,10.78,29.257
MAR,2013-06-28,35.3152,-63.97,0.977,36.0937,2.204,37.9248,7.389,43.0088,21.785
URI,2013-06-28,48.047,-66.02,0.925,52.5235,9.317,54.4103,13.244,74.3569,54.759
XYL,2013-06-28,22.6719,-61.98,0.987,24.1278,6.422,22.9723,1.325,29.3344,29.386
MSTR,2013-07-05,8.974,-68.49,0.887,9.51,5.973,10.383,15.701,12.326,37.352
PW,2013-07-05,88.9,-71.48,0.903,88.8,-0.112,86.1,-3.15,93.9,5.624
ADSK,2013-07-12,36.01,-58.68,0.965,35.85,-0.444,42.49,17.995,51.47,42.933
DE,2013-07-12,66.1051,-65.49,0.976,64.3725,-2.621,65.4045,-1.06,71.5173,8.187
LNN,2013-07-12,67.542,-39.15,0.975,62.8222,-6.988,68.6234,1.601,70.7897,4.808
MARA,2013-07-12,39.52,-66.67,0.98,51.2,29.555,40.8,3.239,46.8,18.421
IOVA,2013-07-19,3.0,-66.67,0.76,6.0,100.0,7.0,133.333,7.75,158.333
CGEN,2013-08-02,5.46,-73.08,0.936,9.71,77.839,10.32,89.011,10.82,98.168
GOOGL,2013-08-23,21.5856,-71.54,0.898,22.4017,3.781,25.6375,18.771,29.8601,38.333
SRPT,2013-08-23,33.65,-77.66,0.996,43.3,28.678,14.37,-57.296,27.92,-17.028
INOD,2013-08-30,2.73,-77.78,0.888,2.51,-8.059,2.38,-12.821,3.28,20.147
AOSL,2013-09-06,7.7,-39.39,0.829,8.2,6.494,7.75,0.649,7.8,1.299
CCJ,2013-09-06,17.0912,-78.24,0.877,15.9253,-6.821,17.8877,4.66,21.2194,24.154
DKS,2013-09-06,35.7251,-61.34,0.969,39.5242,10.634,41.4531,16.034,39.4918,10.544
FN,2013-09-06,14.24,-79.58,0.755,16.97,19.171,19.8,39.045,20.22,41.994
GLW,2013-09-06,10.4636,-66.74,0.909,10.6307,1.597,12.4856,19.324,14.4319,37.924
JPM,2013-09-06,37.2185,-60.84,0.964,37.5711,0.947,40.8168,9.668,42.649,14.591
MCD,2013-09-06,68.5859,-61.18,0.978,67.4744,-1.621,69.9538,1.994,69.1948,0.888
ON,2013-09-06,7.51,-77.71,0.907,7.26,-3.329,7.09,-5.593,9.68,28.895
PW,2013-09-06,81.8,-72.48,0.972,85.5,4.523,81.0,-0.978,92.5,13.081
VRTX,2013-09-06,78.99,-66.24,0.906,77.21,-2.253,69.42,-12.115,79.94,1.203
IRDM,2013-09-13,6.5744,-76.66,0.968,6.2466,-4.986,5.3663,-18.376,7.0333,6.98
TER,2013-09-13,14.8264,-74.36,0.98,15.3966,3.846,15.7277,6.079,17.7328,19.603
TSEM,2013-09-13,4.8,-68.29,0.929,4.94,2.917,4.04,-15.833,8.29,72.708
VSAT,2013-09-13,65.3,-76.7,0.982,65.96,1.011,59.94,-8.208,71.68,9.77
WMT,2013-09-13,19.3719,-65.74,0.931,19.4917,0.619,20.9468,8.13,19.5893,1.122
FSLR,2013-09-20,39.02,-78.58,0.958,49.97,28.063,53.79,37.852,73.37,88.032
DIOD,2013-10-11,24.49,-67.86,0.917,23.65,-3.43,22.95,-6.288,26.99,10.208
NTDOY,2013-10-11,2.8639,-75.37,0.957,3.0535,6.621,3.2826,14.621,2.6703,-6.758
CCJ,2013-10-18,16.0038,-77.88,0.948,16.6405,3.978,17.7588,10.966,20.0545,25.311
MRVL,2013-10-18,10.3441,-65.83,0.875,12.2104,18.042,13.4502,30.028,13.8572,33.963
TGTX,2013-10-18,4.76,-75.96,0.881,3.35,-29.622,4.27,-10.294,5.27,10.714
VRTX,2013-10-18,77.06,-60.71,0.937,63.39,-17.739,78.21,1.492,64.17,-16.727
LNN,2013-10-25,65.1756,-72.23,0.985,65.7803,0.928,72.2258,10.817,76.6575,17.617
ON,2013-11-01,7.52,-57.65,0.929,7.09,-5.718,8.42,11.968,8.88,18.085
AOSL,2013-11-08,7.64,-68.04,0.883,7.26,-4.974,7.26,-4.974,7.33,-4.058
FLUT,2013-11-08,80.3553,-0.0,0.271,80.3553,0.0,80.3553,0.0,80.3553,0.0
MRK,2013-11-08,30.0685,-52.71,0.884,31.7325,5.534,34.3413,14.21,36.0729,19.969
ASML,2013-11-15,79.5404,-75.73,0.986,77.9219,-2.035,77.4443,-2.635,72.4225,-8.949
INOD,2013-11-15,2.36,-75.0,0.876,2.45,3.814,2.81,19.068,3.17,34.322
IOVA,2013-11-15,5.35,-79.94,0.351,9.5,77.57,4.89,-8.598,7.75,44.86
ORLY,2013-11-15,8.4147,-66.15,0.915,8.4313,0.198,9.9467,18.206,9.756,15.94
EW,2013-11-29,10.9217,-79.9,0.926,11.0017,0.732,11.3733,4.135,13.5333,23.912
AOSL,2013-12-20,7.98,-52.69,0.855,7.79,-2.381,7.26,-9.023,9.11,14.16
ISRG,2013-12-20,40.4833,-77.13,0.893,47.7933,18.057,47.0078,16.116,44.9056,10.924
TSEM,2013-12-20,6.5,-27.99,0.889,6.36,-2.154,8.29,27.538,9.37,44.154
TSM,2013-12-27,12.5361,-77.43,0.942,12.7613,1.796,13.4585,7.358,15.4559,23.291
CYRX,2014-01-10,4.92,-60.71,0.919,5.04,2.439,5.64,14.634,5.28,7.317
EHC,2014-01-10,21.8496,-65.07,0.973,20.2805,-7.181,23.0586,5.533,23.7907,8.884
WULF,2014-01-24,12.9325,-70.44,0.843,20.6818,59.921,21.8071,68.623,19.4883,50.693
KMTUY,2014-01-31,20.2092,-49.69,0.831,20.276,0.331,20.0754,-0.662,21.4035,5.91
AAPL,2014-02-07,16.1716,-64.16,0.859,16.5065,2.071,18.4402,14.028,20.8556,28.964
C,2014-02-07,36.18,-65.3,0.959,36.3853,0.568,35.0067,-3.243,35.5419,-1.764
DRS,2014-02-07,2.8542,-72.06,0.987,3.2479,13.793,2.9329,2.759,2.7558,-3.448
TSM,2014-02-07,12.4635,-65.88,0.928,13.6328,9.382,14.2502,14.335,14.6971,17.921
VSAT,2014-02-07,59.6,-73.97,0.933,70.21,17.802,63.01,5.721,57.35,-3.775
AOSL,2014-02-14,7.25,-71.88,0.969,7.26,0.138,7.33,1.103,9.07,25.103
FSLR,2014-02-14,53.17,-67.65,0.816,54.03,1.617,63.21,18.883,69.12,29.998
INTU,2014-02-14,64.4232,-69.52,0.951,71.81,11.466,67.4973,4.772,75.6023,17.353
IOVA,2014-02-14,5.8,-72.18,0.324,7.6,31.034,8.42,45.172,6.75,16.379
KO,2014-02-14,26.3614,-57.34,0.965,26.0515,-1.176,27.8943,5.815,28.111,6.637
WMT,2014-02-14,19.8594,-61.32,0.978,19.5893,-1.36,21.0161,5.824,19.7389,-0.607
ATEYY,2014-02-21,2.7175,-68.15,0.923,2.4749,-8.927,2.6629,-2.011,2.8344,4.302
JBHT,2014-03-07,66.1298,-59.07,0.896,65.2052,-1.398,69.2175,4.669,68.7426,3.951
KMTUY,2014-03-28,19.655,-54.94,0.868,20.0754,2.139,21.7666,10.744,22.2253,13.077
EQIX,2014-04-18,131.0013,-65.64,0.857,142.9325,9.108,154.7466,18.126,151.0647,15.315
TREE,2014-04-18,30.45,-75.29,0.925,24.37,-19.967,27.42,-9.951,36.25,19.048
CYRX,2014-05-02,5.64,-42.86,0.778,5.52,-2.128,5.4,-4.255,5.16,-8.511
NTDOY,2014-05-23,2.8086,-55.25,0.939,3.0318,7.947,2.7217,-3.094,2.7257,-2.953
JPM,2014-05-30,40.1505,-68.0,0.983,41.5667,3.527,42.5557,5.991,44.0657,9.751
CDXS,2014-06-06,1.52,-78.31,0.947,1.46,-3.947,2.54,67.105,2.37,55.921
DRS,2014-06-13,2.9133,-64.0,0.943,2.677,-8.109,4.9604,70.268,5.1179,75.673
GMED,2014-06-20,24.28,-59.46,0.997,23.08,-4.942,19.95,-17.834,24.2,-0.329
AEHR,2014-07-04,2.49,-36.75,0.984,2.74,10.04,2.46,-1.205,2.75,10.442
IOVA,2014-07-04,6.9,-75.65,0.539,6.74,-2.319,7.0,1.449,8.05,16.667
MRVL,2014-07-04,13.04,-79.29,0.947,11.9348,-8.476,12.2009,-6.435,13.049,0.069
REGN,2014-07-04,308.2512,-17.5,0.96,321.2781,4.226,354.8316,15.111,406.3256,31.816
WMT,2014-07-04,20.1006,-77.63,0.908,19.5142,-2.917,20.4307,1.642,23.0723,14.784
DE,2014-08-08,70.1687,-74.83,0.945,66.7886,-4.817,69.5087,-0.941,72.788,3.733
DPZ,2014-08-08,62.6861,-65.57,0.998,66.4877,6.064,77.494,23.622,87.3897,39.408
INOD,2014-08-08,3.02,-73.08,0.831,3.05,0.993,2.64,-12.583,2.66,-11.921
KTOS,2014-08-08,7.5,-79.0,0.979,7.1,-5.333,6.97,-7.067,5.66,-24.533
BA,2014-08-15,107.0937,-73.13,0.971,110.3892,3.077,108.8468,1.637,131.7672,23.039
GLW,2014-08-15,14.8834,-78.65,0.952,15.3783,3.325,15.2448,2.428,18.6355,25.21
KO,2014-08-15,28.111,-48.15,0.966,28.7175,2.158,29.3132,4.277,29.2856,4.179
NTDOY,2014-08-15,2.7217,-75.6,0.891,2.7217,-0.0,2.5933,-4.717,2.4511,-9.942
NVS,2014-08-15,50.5769,-65.33,0.923,54.5507,7.857,53.387,5.556,59.4612,17.566
ON,2014-08-15,8.81,-60.4,0.985,9.64,9.421,8.25,-6.356,11.95,35.641
ORCL,2014-08-15,33.7189,-78.78,0.916,33.9031,0.546,33.5377,-0.537,36.9883,9.696
SRPT,2014-08-15,22.47,-76.99,0.959,23.78,5.83,16.12,-28.26,12.76,-43.213
AON,2014-08-22,77.4137,-54.37,0.913,77.6191,0.265,80.4784,3.959,90.1217,16.416
CPRT,2014-08-22,4.2775,-70.6,0.897,4.215,-1.461,4.2725,-0.117,4.75,11.046
DRS,2014-08-22,2.8739,-54.29,0.86,4.8226,67.808,5.0195,74.657,4.6061,60.273
ETN,2014-08-22,52.8338,-74.61,0.989,50.2303,-4.928,51.0271,-3.42,55.2729,4.617
LRN,2014-08-22,20.05,-78.85,0.964,16.88,-15.81,13.09,-34.713,17.29,-13.766
MRVL,2014-08-22,12.3626,-65.4,0.944,12.4874,1.009,11.7623,-4.856,14.6397,18.419
EQT,2014-08-29,49.0645,-62.88,0.987,45.6222,-7.016,47.0781,-4.048,39.5568,-19.378
ESLT,2014-08-29,51.824,-71.45,0.867,53.4677,3.172,50.9028,-1.778,56.2196,8.482
CYRX,2014-09-05,5.04,-63.64,0.793,4.92,-2.381,5.28,4.762,6.48,28.571
DIOD,2014-09-05,25.99,-79.73,0.983,23.37,-10.081,26.59,2.309,28.32,8.965
PLUR,2014-09-05,233.6,-60.92,0.936,226.4,-3.082,203.2,-13.014,248.0,6.164
MCD,2014-09-12,68.7634,-74.21,0.959,67.9972,-1.114,71.5786,4.094,72.2306,5.042
ARCT,2014-09-19,122.15,-77.32,0.948,37.8,-69.054,23.87,-80.458,38.78,-68.252
DE,2014-09-19,67.4743,-79.9,0.977,67.6804,0.305,70.2157,4.063,72.9516,8.118
CDW,2014-10-03,26.6284,-78.37,0.817,26.7324,0.39,31.2002,17.169,31.9092,19.831
LNN,2014-10-03,65.2671,-79.89,0.859,75.6833,15.959,75.3678,15.476,67.3685,3.22
MSTR,2014-10-03,13.679,-67.15,0.927,16.088,17.611,16.378,19.731,16.952,23.927
ORCL,2014-10-03,32.5553,-76.74,0.985,32.7904,0.722,38.7103,18.906,36.0111,10.615
HDB,2014-10-10,10.5934,-75.61,0.85,11.6719,10.181,11.7034,10.478,13.2232,24.825
ACN,2014-10-17,62.7461,-62.71,0.919,69.3139,10.467,73.5232,17.176,76.4698,21.872
CERS,2014-10-17,4.05,-37.36,0.915,4.41,8.889,6.15,51.852,4.03,-0.494
CGEN,2014-10-17,7.79,-79.08,0.969,6.55,-15.918,9.29,19.255,7.13,-8.472
DGX,2014-10-17,46.4891,-67.27,0.972,49.3349,6.121,54.3223,16.849,60.1362,29.355
EQIX,2014-10-17,151.0647,-52.49,0.939,168.9439,11.835,164.9883,9.217,180.93,19.77
HALO,2014-10-17,8.93,-64.6,0.878,8.54,-4.367,14.03,57.111,15.3,71.333
INCY,2014-10-17,50.08,-47.77,0.989,69.54,38.858,72.03,43.83,101.66,102.995
INOD,2014-10-17,2.93,-72.55,0.838,2.6,-11.263,2.73,-6.826,2.6,-11.263
IOVA,2014-10-17,6.35,-78.18,0.538,5.9,-7.087,8.44,32.913,12.15,91.339
KMTUY,2014-10-17,21.0787,-74.09,0.783,22.7413,7.887,20.362,-3.4,20.2474,-3.944
MA,2014-10-17,66.5778,-79.71,0.979,78.1982,17.454,78.7126,18.226,81.1824,21.936
SRPT,2014-10-17,22.22,-40.53,0.867,15.33,-31.008,13.95,-37.219,13.24,-40.414
TDY,2014-10-17,93.37,-70.79,0.951,105.93,13.452,99.99,7.09,107.27,14.887
V,2014-10-17,47.3046,-62.89,0.916,57.2522,21.029,59.9418,26.714,59.486,25.751
VRSK,2014-10-17,56.5311,-78.81,0.916,59.7732,5.735,59.9823,6.105,68.3013,20.821
VSAT,2014-10-17,54.38,-69.91,0.922,67.61,24.329,59.5,9.415,61.95,13.921
WDAY,2014-10-17,82.97,-59.81,0.992,95.29,14.849,82.6,-0.446,84.37,1.687
AEHR,2014-10-24,2.55,-44.44,0.925,2.44,-4.314,2.45,-3.922,2.07,-18.824
CYRX,2014-10-24,4.92,-61.54,0.804,5.64,14.634,4.8,-2.439,7.8,58.537
RMD,2014-10-24,44.7157,-20.71,0.996,45.6738,2.143,52.4838,17.372,57.0315,27.542
TCEHY,2014-10-24,13.4695,-63.82,0.976,14.3004,6.169,13.8193,2.597,18.4374,36.883
NTDOY,2014-10-31,2.7,-56.94,0.785,2.8639,6.071,2.5025,-7.316,4.1853,55.009
OPCH,2014-10-31,25.84,-72.47,0.916,25.92,0.31,23.68,-8.359,18.64,-27.864
CGEN,2014-12-05,8.05,-52.53,0.954,8.6,6.832,8.36,3.851,7.8,-3.106
ESLT,2014-12-12,50.5006,-78.42,0.883,53.2726,5.489,54.9603,8.831,69.0801,36.791
FATE,2014-12-19,5.27,-26.25,0.87,4.92,-6.641,5.05,-4.175,6.0,13.852
HALO,2014-12-19,9.46,-25.57,0.773,14.82,56.66,15.93,68.393,21.31,125.264
WULF,2015-01-09,13.0434,-66.4,0.906,14.1516,8.496,13.5975,4.248,12.8729,-1.307
NTDOY,2015-01-16,2.538,-78.91,0.798,2.4511,-3.424,3.8989,53.62,4.2682,68.172
AMZN,2015-01-23,15.6195,-50.42,0.974,19.183,22.814,18.778,20.222,26.471,69.474
NFLX,2015-01-23,6.2494,-1.41,0.978,6.8314,9.313,8.165,30.653,10.934,74.961
WDAY,2015-01-23,83.2,-67.49,0.919,92.74,11.466,84.37,1.406,82.59,-0.733
AVAV,2015-02-06,27.21,-59.61,0.87,25.51,-6.248,25.46,-6.431,26.04,-4.3
CGNX,2015-02-06,17.6232,-62.48,0.995,21.1241,19.865,21.0188,19.268,17.0658,-3.163
VSAT,2015-02-06,58.78,-73.27,0.973,64.5,9.731,60.29,2.569,59.99,2.059
BIDU,2015-03-06,213.31,-67.83,0.972,208.51,-2.25,197.4,-7.459,146.0,-31.555
CGEN,2015-03-20,7.61,-74.73,0.913,7.13,-6.307,7.31,-3.942,5.78,-24.047
ISRG,2015-03-20,56.5589,-57.13,0.705,60.0778,6.222,55.0733,-2.627,56.8289,0.477
VEEV,2015-03-20,27.28,-62.72,0.809,26.42,-3.152,26.61,-2.456,26.51,-2.823
INOD,2015-03-27,2.58,-78.33,0.919,2.66,3.101,2.58,-0.0,2.32,-10.078
VCYT,2015-04-03,7.44,-71.94,0.893,8.97,20.565,11.93,60.349,5.83,-21.64
ALGN,2015-04-10,54.29,-79.85,0.955,59.71,9.983,63.29,16.578,56.39,3.868
ILMN,2015-04-10,183.035,-72.31,0.913,190.4767,4.066,214.0759,16.959,143.7451,-21.466
PACB,2015-04-17,6.15,-77.35,0.85,5.9,-4.065,5.28,-14.146,7.69,25.041
ARCT,2015-04-24,41.3,-77.92,0.704,45.5,10.169,51.03,23.559,47.11,14.068
CERS,2015-04-24,4.79,-52.91,0.976,4.46,-6.889,5.68,18.58,4.54,-5.219
BRK-B,2015-05-01,143.36,-73.19,0.986,143.0,-0.251,141.25,-1.472,136.02,-5.12
GGG,2015-05-01,20.8029,-61.47,0.984,20.8115,0.041,19.9947,-3.885,21.2296,2.051
AVAV,2015-05-08,26.2,-69.39,0.751,26.55,1.336,26.06,-0.534,23.72,-9.466
FATE,2015-05-08,7.22,-36.11,0.922,6.3,-12.742,7.06,-2.216,4.8,-33.518
IONS,2015-05-08,61.94,-72.79,0.928,66.15,6.797,54.93,-11.317,55.87,-9.8
SLP,2015-05-08,5.2812,-73.73,0.909,5.2268,-1.029,5.8964,11.649,8.3335,57.796
ISRG,2015-05-15,55.9622,-72.71,0.854,55.0733,-1.588,59.2211,5.823,55.4211,-0.967
CPRT,2015-05-22,4.4488,-77.6,0.917,4.4788,0.673,4.5475,2.219,4.5875,3.118
GWRE,2015-05-22,50.3,-78.14,0.891,51.14,1.67,57.9,15.109,59.07,17.435
HEI,2015-05-22,30.3066,-39.0,0.923,29.6021,-2.325,27.6978,-8.608,26.03,-14.111
PLUR,2015-05-22,228.0,-59.72,0.981,216.0,-5.263,175.2,-23.158,121.6,-46.667
WULF,2015-05-22,13.1286,-75.3,0.681,12.2079,-7.013,9.7271,-25.909,9.335,-28.896
CGEN,2015-05-29,7.08,-64.23,0.937,7.22,1.977,5.15,-27.26,7.54,6.497
TNDM,2015-05-29,120.7,-75.99,0.785,110.9,-8.119,119.4,-1.077,101.1,-16.239
KO,2015-06-12,28.3329,-67.32,0.926,28.6378,1.076,27.3119,-3.604,30.4623,7.516
BA,2015-06-19,128.5376,-65.36,0.982,130.0521,1.178,120.0344,-6.615,125.18,-2.612
BLK,2015-06-19,273.3035,-64.5,0.885,269.7654,-1.295,232.4128,-14.962,247.8134,-9.327
BRK-B,2015-06-19,140.96,-77.73,1.0,143.88,2.072,131.37,-6.803,129.53,-8.109
LRN,2015-06-19,14.8,-61.66,0.901,13.8,-6.757,13.3,-10.135,9.03,-38.986
TRMB,2015-06-19,23.58,-68.14,0.901,23.59,0.042,17.72,-24.852,21.54,-8.651
CGC,2015-06-26,15.9,-39.86,0.525,14.76,-7.17,13.5,-15.094,21.0,32.075
PACB,2015-06-26,5.61,-65.28,0.854,5.65,0.713,4.45,-20.677,13.24,136.007
BKNG,2015-07-03,44.7718,-77.68,0.848,48.7081,8.792,49.0681,9.596,49.9372,11.537
PRLB,2015-07-10,69.47,-72.42,0.668,71.43,2.821,66.53,-4.232,60.65,-12.696
TNDM,2015-07-10,114.7,-67.16,0.924,121.9,6.277,85.0,-25.894,101.4,-11.595
VSAT,2015-07-10,58.2,-79.85,0.868,59.99,3.076,64.43,10.704,57.15,-1.804
WDAY,2015-07-10,79.52,-72.83,0.923,82.51,3.76,74.09,-6.828,71.07,-10.626
HLT,2015-07-17,54.782,-73.84,0.852,49.7813,-9.128,48.9846,-10.583,34.5918,-36.856
IONS,2015-07-17,57.23,-76.51,0.943,50.0,-12.633,43.24,-24.445,43.88,-23.327
IOVA,2015-07-17,10.0,-59.43,0.981,7.15,-28.5,6.48,-35.2,5.95,-40.5
ISRG,2015-07-17,54.4233,-78.45,0.832,58.8744,8.179,52.1833,-4.116,61.9167,13.769
PLUR,2015-07-17,196.0,-75.36,0.915,175.2,-10.612,147.2,-24.898,64.0,-67.347
RTX,2015-07-17,53.688,-76.17,0.951,48.1635,-10.29,46.5385,-13.317,42.0557,-21.667
RNG,2015-07-24,17.5658,-55.91,0.73,19.3064,9.909,19.4755,10.872,23.2353,32.276
AEHR,2015-07-31,2.24,-62.34,0.95,2.27,1.339,2.1,-6.25,1.48,-33.929
CDW,2015-07-31,31.3232,-51.15,0.945,34.9067,11.44,39.151,24.99,33.6598,7.46
DKS,2015-07-31,38.0597,-72.97,0.957,37.6267,-1.138,31.4549,-17.354,29.3599,-22.858
EQT,2015-07-31,38.1021,-74.31,0.941,38.5437,1.159,34.4418,-9.606,30.6365,-19.594
FN,2015-07-31,18.56,-71.76,0.766,19.97,7.597,22.07,18.912,24.91,34.213
LNG,2015-07-31,65.6177,-54.78,0.944,60.3945,-7.96,44.1732,-32.681,28.5894,-56.43
TER,2015-07-31,17.9856,-61.77,0.992,16.8277,-6.438,17.8505,-0.751,18.2597,1.524
TRGP,2015-07-31,52.5926,-75.99,0.897,39.22,-25.427,34.8794,-33.68,14.1286,-73.136
ADSK,2015-08-07,53.03,-64.42,0.988,45.37,-14.445,55.19,4.073,46.17,-12.936
COHR,2015-08-07,18.15,-51.03,0.94,16.52,-8.981,18.12,-0.165,20.12,10.854
FSLR,2015-08-07,52.08,-35.3,0.896,46.94,-9.869,57.07,9.581,65.07,24.942
LRN,2015-08-07,14.22,-53.27,0.946,12.77,-10.197,9.71,-31.716,9.6,-32.489
CAT,2015-08-14,60.3853,-73.49,0.999,55.877,-7.466,57.4427,-4.873,49.7417,-17.626
CCJ,2015-08-14,12.8745,-69.23,0.931,12.3328,-4.208,11.5994,-9.904,10.4437,-18.881
CW,2015-08-14,64.9685,-70.7,0.886,64.5702,-0.613,66.616,2.536,60.6452,-6.654
EVGN,2015-08-14,88.9,-66.5,0.85,87.6,-1.462,72.9,-17.998,59.5,-33.071
PCAR,2015-08-14,27.8544,-77.28,0.9,25.4417,-8.662,23.8834,-14.256,23.0179,-17.364
ROK,2015-08-14,94.148,-79.26,0.877,85.8249,-8.84,88.3372,-6.172,79.2073,-15.869
WMT,2015-08-14,19.8155,-73.76,0.964,17.6992,-10.68,16.0922,-18.79,18.2699,-7.8
AVAV,2015-08-28,24.08,-71.19,0.977,20.98,-12.874,24.01,-0.291,25.21,4.693
CGC,2015-08-28,12.2,-69.26,0.748,13.22,8.361,17.9,46.721,21.5,76.23
LAD,2015-08-28,97.9648,-61.26,0.99,98.9135,0.968,109.762,12.042,85.6405,-12.58
PCTY,2015-08-28,32.79,-60.61,0.988,29.75,-9.271,44.46,35.59,30.31,-7.563
VEEV,2015-08-28,26.44,-38.84,0.819,24.18,-8.548,27.28,3.177,23.36,-11.649
WULF,2015-08-28,10.4432,-75.0,0.898,9.8124,-6.041,9.335,-10.612,9.8038,-6.122
PODD,2015-09-11,29.11,-73.8,0.969,29.51,1.374,36.44,25.18,31.36,7.729
RNG,2015-09-11,18.3516,-51.77,0.923,18.451,0.542,23.673,28.997,15.8351,-13.713
INOD,2015-10-02,2.31,-78.26,0.923,2.36,2.164,2.63,13.853,2.25,-2.597
FIVN,2015-10-09,4.03,-74.42,0.932,5.92,46.898,8.7,115.881,8.39,108.189
HEI,2015-10-09,25.4757,-72.17,0.997,26.1307,2.571,27.4308,7.675,30.0296,17.876
MTLS,2015-10-09,8.23,-62.35,0.921,8.68,5.468,7.06,-14.216,7.37,-10.45
PRLB,2015-10-09,68.49,-72.9,0.907,64.93,-5.198,63.69,-7.008,77.12,12.6
SSYS,2015-10-09,31.9,-45.54,0.951,27.59,-13.511,23.48,-26.395,26.51,-16.897
ARCT,2015-10-16,43.96,-76.3,0.695,43.75,-0.478,38.29,-12.898,30.73,-30.096
AEHR,2015-11-06,2.12,-73.44,0.948,1.98,-6.604,1.48,-30.189,1.37,-35.377
MTLS,2015-11-20,7.91,-67.35,0.932,7.92,0.126,6.07,-23.262,6.63,-16.182
SRPT,2015-11-20,33.36,-45.6,0.998,37.54,12.53,12.35,-62.98,19.15,-42.596
WULF,2015-11-27,9.8038,-69.36,0.915,9.0707,-7.478,9.872,0.696,9.1645,-6.521
AAOI,2015-12-18,16.92,-79.69,0.998,13.42,-20.686,17.61,4.078,9.87,-41.667
CCJ,2015-12-18,10.9727,-74.85,0.99,9.8772,-9.984,10.9554,-0.158,10.2862,-6.257
EVGN,2015-12-25,75.7,-49.42,0.982,68.5,-9.511,65.2,-13.871,61.7,-18.494
ARCT,2016-01-01,43.96,-71.43,0.838,35.84,-18.471,26.67,-39.331,33.81,-23.089
RMD,2016-01-15,46.987,-73.7,0.937,51.304,9.188,51.9244,10.508,57.7359,22.876
SIMO,2016-01-22,23.5846,-56.41,0.912,26.091,10.627,31.1305,31.995,40.5412,71.897
ARCT,2016-02-12,39.27,-66.67,0.906,31.71,-19.251,29.05,-26.025,35.07,-10.695
XENE,2016-02-12,7.29,-71.51,0.828,7.49,2.743,6.69,-8.23,7.99,9.602
OPCH,2016-02-19,8.36,-34.78,0.937,8.92,6.699,10.4,24.402,11.28,34.928
TCEHY,2016-02-19,15.8674,-62.98,0.996,17.9889,13.37,17.3664,9.447,23.0094,45.011
CDXS,2016-03-11,3.85,-64.36,0.802,3.34,-13.247,3.95,2.597,4.06,5.455
XENE,2016-04-01,6.86,-75.88,0.785,7.13,3.936,6.3,-8.163,8.1,18.076
RMD,2016-05-06,50.063,-77.87,0.966,53.0493,5.965,61.3711,22.588,51.4007,2.672
MARA,2016-05-13,31.04,-56.2,0.806,43.2,39.175,46.56,50.0,36.8,18.557
MU,2016-05-20,10.5315,-52.61,0.953,11.8967,12.963,14.5588,38.24,18.7324,77.87
TSEM,2016-05-20,11.75,-75.17,0.958,11.96,1.787,14.98,27.489,18.0,53.191
INOD,2016-05-27,2.3,-62.16,0.871,2.22,-3.478,2.35,2.174,2.25,-2.174
JD,2016-05-27,21.2471,-72.09,0.936,18.0841,-14.887,22.7015,6.845,22.3774,5.32
XENE,2016-05-27,6.55,-74.21,0.746,6.3,-3.817,8.04,22.748,8.2,25.191
DIS,2016-06-17,90.558,-70.78,0.86,91.953,1.54,85.1532,-5.968,96.4777,6.537
FATE,2016-06-17,1.68,-76.67,0.868,1.79,6.548,2.75,63.69,2.82,67.857
SSYS,2016-06-17,22.1,-75.59,0.914,23.29,5.385,21.69,-1.855,18.95,-14.253
AAPL,2016-07-01,21.8105,-71.13,0.92,23.7029,8.677,25.7752,18.178,26.6224,22.062
ADBE,2016-07-01,95.32,-51.32,0.955,97.86,2.665,107.47,12.747,102.95,8.005
BIDU,2016-07-01,165.19,-78.32,0.927,159.6,-3.384,191.72,16.06,164.41,-0.472
BRK-B,2016-07-01,143.96,-35.76,0.947,144.27,0.215,145.0,0.722,162.98,13.212
CLLS,2016-07-01,27.25,-76.11,0.818,26.37,-3.229,25.45,-6.606,16.95,-37.798
ETN,2016-07-01,48.4665,-35.6,0.992,50.9916,5.21,51.3686,5.988,54.9501,13.378
GOOGL,2016-07-01,35.2004,-68.22,0.913,39.2192,11.417,40.3899,14.743,39.2742,11.573
HALO,2016-07-01,9.13,-69.11,0.941,9.94,8.872,12.09,32.421,9.88,8.215
HD,2016-07-01,101.7939,-55.52,0.884,108.5634,6.65,100.8714,-0.906,106.3984,4.523
HXL,2016-07-01,38.7015,-66.0,0.969,40.0946,3.6,40.5136,4.682,48.0148,24.064
IQV,2016-07-01,66.86,-44.77,0.912,77.64,16.123,79.41,18.771,76.05,13.745
MCD,2016-07-01,93.9536,-71.04,0.986,91.8077,-2.284,92.1437,-1.926,96.4662,2.674
NFLX,2016-07-01,9.667,-56.14,0.928,9.125,-5.607,9.594,-0.755,12.38,28.065
NXPI,2016-07-01,68.6974,-79.16,0.835,74.0896,7.849,73.9222,7.606,86.3542,25.702
PLUR,2016-07-01,108.0,-76.92,0.952,118.4,9.63,130.4,20.741,114.4,5.926
ROP,2016-07-01,159.5584,-71.07,0.973,160.2595,0.439,169.4221,6.182,172.5098,8.117
SNA,2016-07-01,123.0712,-40.0,0.982,122.4247,-0.525,118.7104,-3.543,134.5118,9.296
CYRX,2016-07-08,1.82,-78.67,0.868,2.27,24.725,1.97,8.242,3.19,75.275
ESLT,2016-07-08,83.5985,-66.18,0.981,89.6892,7.286,86.4142,3.368,92.621,10.793
KTOS,2016-07-08,4.24,-73.22,0.819,5.38,26.887,6.89,62.5,7.26,71.226
V,2016-07-08,71.089,-62.53,0.912,74.5495,4.868,77.0644,8.406,76.769,7.99
MA,2016-07-15,85.7347,-67.41,0.875,90.6283,5.708,96.5893,12.661,102.895,20.016
VCYT,2016-07-15,5.2,-66.67,0.696,5.05,-2.885,7.69,47.885,7.7,48.077
JD,2016-07-22,19.2056,-76.71,0.876,22.7015,18.203,23.2185,20.894,24.1823,25.913
ASND,2016-07-29,14.4,-57.39,0.914,17.67,22.708,19.08,32.5,21.16,46.944
EVGN,2016-07-29,68.8,-57.56,0.79,69.7,1.308,61.1,-11.192,51.4,-25.291
PCRX,2016-08-05,43.54,-49.06,0.969,39.04,-10.335,33.15,-23.863,42.5,-2.389
DIS,2016-08-12,89.2257,-72.21,0.795,85.1532,-4.564,85.1809,-4.533,101.445,13.695
KO,2016-08-12,32.2233,-67.25,0.934,30.9353,-3.997,30.7601,-4.541,30.1942,-6.297
SSYS,2016-08-12,20.99,-66.33,0.831,21.69,3.335,18.28,-12.911,21.25,1.239
DE,2016-08-19,74.6358,-6.75,0.934,70.0459,-6.15,78.4334,5.088,95.4894,27.94
EQT,2016-08-19,35.4491,-71.67,0.722,35.0367,-1.163,32.6615,-7.864,30.8716,-12.913
GGG,2016-08-19,21.8814,-71.58,0.914,21.5121,-1.688,23.43,7.077,26.9583,23.202
KLAC,2016-08-19,6.0569,-60.45,0.919,5.9954,-1.015,6.4883,7.123,7.6538,26.365
TGTX,2016-08-19,6.05,-79.81,0.911,7.29,20.496,5.6,-7.438,4.65,-23.14
CLLS,2016-08-26,26.56,-74.61,0.731,25.45,-4.179,17.92,-32.53,20.04,-24.548
FISV,2016-08-26,51.735,-76.5,0.914,50.595,-2.204,52.145,0.793,58.15,12.4
GMED,2016-09-02,23.97,-58.45,0.918,22.57,-5.841,21.56,-10.054,28.1,17.23
MSTR,2016-09-02,16.978,-76.88,0.871,16.744,-1.378,19.785,16.533,19.0,11.91
MTLS,2016-09-02,6.58,-69.46,0.767,7.7,17.021,8.04,22.188,8.89,35.106
CMS,2016-09-16,31.4312,-75.16,0.918,30.2208,-3.851,30.7623,-2.128,33.7116,7.255
IRDM,2016-09-16,6.9771,-74.71,0.959,7.9136,13.423,9.3184,33.557,8.5692,22.818
NOC,2016-09-16,180.499,-73.86,0.784,187.2741,3.754,204.7018,13.409,210.4688,16.604
SYK,2016-09-16,102.3599,-68.78,0.871,102.0893,-0.264,104.6494,2.237,119.5861,16.829
TSLA,2016-09-16,13.6933,-64.05,0.834,13.1007,-4.328,12.812,-6.436,17.4333,27.313
UNH,2016-09-16,117.9495,-46.79,0.675,114.0738,-3.286,136.9342,16.096,145.668,23.5
WMT,2016-09-16,20.5538,-42.43,0.797,19.3071,-6.066,19.9083,-3.14,20.0003,-2.693
ACN,2016-09-23,95.5272,-63.45,0.899,98.6546,3.274,104.979,9.894,101.548,6.303
AZO,2016-09-23,744.85,-76.7,0.902,746.98,0.286,794.72,6.695,721.16,-3.181
DIS,2016-09-23,85.9364,-78.36,0.717,85.7153,-0.257,96.4777,12.266,104.119,21.158
ENR,2016-09-23,33.5038,-71.85,0.861,34.6303,3.362,30.8871,-7.81,40.1701,19.897
EQIX,2016-09-23,296.5789,-71.58,0.856,304.9293,2.816,290.0786,-2.192,323.3799,9.037
KO,2016-09-23,31.5348,-76.68,0.893,31.0847,-1.427,31.0573,-1.514,31.6167,0.26
LMT,2016-09-23,188.8173,-60.34,0.933,177.0508,-6.232,193.3974,2.426,208.2319,10.282
MCD,2016-09-23,92.1437,-71.85,0.964,89.5957,-2.765,97.6709,5.998,103.2597,12.064
NTRA,2016-09-23,10.59,-72.75,0.816,9.99,-5.666,11.76,11.048,8.7,-17.847
SHW,2016-09-23,86.0978,-71.65,0.824,84.315,-2.071,82.9404,-3.667,94.7009,9.992
SNA,2016-09-23,118.7104,-66.88,0.843,124.0128,4.467,135.0694,13.781,130.5335,9.96
VMI,2016-09-23,118.2993,-64.12,0.889,116.2977,-1.692,137.7318,16.427,136.9046,15.727
WFC,2016-09-23,34.732,-76.74,0.962,34.2384,-1.421,42.3717,21.996,43.0372,23.912
WMS,2016-09-23,22.0453,-67.64,0.814,18.4385,-16.361,18.3567,-16.732,19.4008,-11.996
COST,2016-09-30,128.8354,-76.28,0.898,126.5123,-1.803,137.3412,6.602,142.4777,10.589
CRM,2016-10-07,69.7041,-74.63,0.918,73.1052,4.879,67.2958,-3.455,82.945,18.996
HLT,2016-10-14,45.031,-69.34,0.692,46.7871,3.9,55.2661,22.729,55.0657,22.284
HON,2016-10-14,84.1069,-72.27,0.95,87.3863,3.899,92.0014,9.386,95.5926,13.656
RMD,2016-10-14,57.8728,-79.35,0.866,53.8827,-6.895,55.9444,-3.332,61.6242,6.482
ESI,2016-10-21,6.9515,-79.94,0.768,7.8666,13.165,10.2793,47.872,12.35,77.659
GGG,2016-10-21,22.5173,-33.63,0.928,23.8069,5.727,25.5421,13.433,28.4051,26.148
INTU,2016-10-21,100.5037,-73.98,0.728,107.482,6.943,108.8398,8.294,110.3328,9.78
NBIX,2016-10-21,45.65,-68.54,0.783,51.01,11.742,42.25,-7.448,51.1,11.939
PLUR,2016-10-21,122.4,-68.09,0.689,124.0,1.307,124.8,1.961,112.8,-7.843
RNG,2016-10-21,22.0318,-74.03,0.719,22.6286,2.709,22.3799,1.58,29.1934,32.506
VRSK,2016-10-21,77.2573,-60.76,0.738,79.0637,2.338,78.5598,1.686,77.6281,0.48
Z,2016-10-21,33.86,-69.52,0.619,36.29,7.177,37.57,10.957,36.61,8.122
ABBV,2016-10-28,38.5618,-79.58,0.81,40.5099,5.052,41.3515,7.234,45.0342,16.785
BRK-B,2016-10-28,144.0,-77.22,0.768,158.18,9.847,160.21,11.257,165.21,14.729
CW,2016-10-28,85.5887,-30.23,0.909,98.1018,14.62,92.3362,7.884,89.6391,4.732
EHC,2016-10-28,27.5807,-70.02,0.679,28.6096,3.731,27.9364,1.29,32.9828,19.586
EQT,2016-10-28,32.8006,-76.61,0.841,34.8687,6.305,31.2496,-4.729,28.9169,-11.84
HEI,2016-10-28,34.068,-78.55,0.798,39.6559,16.402,39.3572,15.525,44.9351,31.898
RTX,2016-10-28,51.033,-64.24,0.802,54.8468,7.473,55.8603,9.459,60.3517,18.26
WMT,2016-10-28,19.7415,-64.04,0.848,20.0912,1.771,19.0845,-3.328,21.5142,8.979
AVAV,2016-11-04,24.0,-76.77,0.968,28.0,16.667,25.96,8.167,28.96,20.667
BLK,2016-11-04,271.8025,-77.09,0.769,291.8929,7.392,296.5894,9.119,305.3884,12.357
CCJ,2016-11-04,7.697,-65.73,0.978,8.7992,14.32,12.2104,58.639,9.2053,19.597
CGEN,2016-11-04,5.95,-78.26,0.872,5.95,-0.0,4.75,-20.168,3.7,-37.815
CME,2016-11-04,70.3269,-65.79,0.797,79.0725,12.436,84.9704,20.822,84.3261,19.906
GMED,2016-11-04,21.88,-79.03,0.899,21.89,0.046,26.06,19.104,31.38,43.419
IQV,2016-11-04,72.59,-78.06,0.872,74.03,1.984,76.36,5.194,83.3,14.754
MAR,2016-11-04,63.6875,-52.34,0.743,72.7445,14.221,79.0637,24.143,89.4445,40.443
MTSI,2016-11-04,24.43,-70.0,0.948,30.3,24.028,33.7,37.945,34.05,39.378
ABT,2016-11-11,33.4634,-73.03,0.899,32.6798,-2.342,35.8947,7.265,37.1104,10.898
ALGN,2016-11-11,91.54,-39.33,0.89,98.62,7.734,95.82,4.676,138.67,51.486
AZO,2016-11-11,750.35,-67.86,0.896,803.1,7.03,724.72,-3.416,680.72,-9.28
CLLS,2016-11-11,19.13,-77.04,0.889,17.52,-8.416,20.0,4.548,24.35,27.287
COST,2016-11-11,126.5627,-73.11,0.875,135.3245,6.923,142.6288,12.694,151.4946,19.699
ECL,2016-11-11,104.1127,-63.04,0.83,108.4601,4.176,109.0156,4.709,114.5545,10.029
ETN,2016-11-11,55.1303,-16.6,0.904,56.9486,3.298,57.5138,4.323,63.8202,15.762
FATE,2016-11-11,2.93,-44.06,0.618,2.98,1.706,2.85,-2.73,4.01,36.86
GWRE,2016-11-11,58.75,-61.1,0.702,53.99,-8.102,54.1,-7.915,61.0,3.83
HALO,2016-11-11,12.58,-4.76,0.638,11.53,-8.347,12.26,-2.544,14.28,13.514
HD,2016-11-11,102.4974,-43.18,0.935,105.8509,3.272,109.4931,6.825,125.2807,22.228
IONS,2016-11-11,42.57,-2.33,0.688,45.57,7.047,46.42,9.044,47.08,10.594
IOVA,2016-11-11,7.6,-49.75,0.881,7.0,-7.895,7.3,-3.947,6.0,-21.053
JNJ,2016-11-11,90.2645,-46.99,0.936,86.124,-4.587,87.1827,-3.414,95.4822,5.78
LAD,2016-11-11,77.0106,-65.44,0.907,92.9043,20.638,91.8047,19.21,83.4101,8.31
LLY,2016-11-11,66.8523,-43.75,0.853,58.4,-12.643,66.4735,-0.567,69.9344,4.61
MCD,2016-11-11,89.8238,-56.34,0.939,96.1017,6.989,98.4634,9.618,116.0495,29.197
MCO,2016-11-11,91.4562,-78.41,0.84,91.188,-0.293,97.0375,6.103,105.2639,15.098
META,2016-11-11,117.9839,-79.43,0.882,118.6382,0.555,129.8398,10.049,149.0214,26.307
MKTX,2016-11-11,146.9595,-49.47,0.844,151.5429,3.119,173.5978,18.126,169.7637,15.517
NTRA,2016-11-11,11.15,-27.17,0.842,11.72,5.112,9.39,-15.785,10.46,-6.188
NVS,2016-11-11,45.6799,-72.22,0.969,43.349,-5.103,45.9286,0.544,51.8461,13.499
ORCL,2016-11-11,34.1104,-52.58,0.748,35.0355,2.712,35.0946,2.885,39.2996,15.213
PACB,2016-11-11,7.96,-53.29,0.891,6.95,-12.688,4.78,-39.95,3.92,-50.754
PCAR,2016-11-11,27.4683,-21.44,0.899,31.5437,14.837,32.2089,17.259,29.9064,8.876
PCRX,2016-11-11,36.8,-58.99,0.907,33.35,-9.375,42.5,15.489,51.7,40.489
REGN,2016-11-11,415.8656,-10.83,0.871,369.3446,-11.187,354.9109,-14.657,437.9174,5.303
ROP,2016-11-11,168.6183,-27.01,0.909,175.0728,3.828,182.0691,7.977,209.4421,24.211
SSYS,2016-11-11,20.98,-60.06,0.716,19.63,-6.435,19.92,-5.052,29.96,42.803
TDY,2016-11-11,119.0,-4.42,0.929,127.4,7.059,130.22,9.429,130.87,9.975
TJX,2016-11-11,32.8914,-66.46,0.85,34.0432,3.502,32.9263,0.106,33.9813,3.314
TREE,2016-11-11,95.15,-45.6,0.845,105.3,10.667,114.6,20.441,151.3,59.012
TRMB,2016-11-11,27.4,-53.23,0.911,29.39,7.263,30.26,10.438,35.58,29.854
UNP,2016-11-11,78.1374,-16.64,0.86,85.1832,9.017,88.0391,12.672,90.1487,15.372
URI,2016-11-11,87.7958,-7.2,0.767,103.9688,18.421,123.848,41.064,107.9735,22.983
VRTX,2016-11-11,92.0,-38.56,0.84,76.67,-16.663,86.73,-5.728,114.6,24.565
VSAT,2016-11-11,81.15,-7.57,0.876,69.08,-14.874,64.3,-20.764,64.25,-20.826
WFC,2016-11-11,39.6077,-2.95,0.956,43.7499,10.458,44.1473,11.461,41.1579,3.914
WMS,2016-11-11,19.9676,-58.39,0.968,19.2587,-3.55,21.7845,9.099,20.0339,0.332
WULF,2016-11-11,9.3691,-73.38,0.732,9.514,1.546,9.1645,-2.184,7.6299,-18.563
AMZN,2016-11-18,38.008,-63.49,0.899,37.8885,-0.314,41.373,8.853,47.992,26.268
ASML,2016-11-18,95.2552,-54.31,0.908,96.7579,1.578,113.707,19.371,124.0338,30.212
GOOGL,2016-11-18,38.4575,-66.06,0.849,40.1361,4.365,41.3756,7.588,47.313,23.027
LNG,2016-11-18,36.5811,-69.08,0.707,40.7197,11.313,46.5517,27.256,47.3319,29.389
TGTX,2016-11-18,5.9,-78.59,0.932,5.0,-15.254,5.0,-15.254,11.35,92.373
KO,2016-11-25,30.642,-69.94,0.907,30.9532,1.015,30.6778,0.117,34.0713,11.191
TSLA,2016-11-25,13.11,-63.3,0.833,14.2227,8.487,18.1487,38.434,21.676,65.339
ENR,2016-12-02,31.5473,-73.72,0.987,32.0138,1.479,39.0448,23.766,40.4857,28.333
ADBE,2016-12-09,104.31,-51.29,0.878,108.3,3.825,120.04,15.08,138.05,32.346
BABA,2016-12-09,87.7814,-75.44,0.916,88.3554,0.654,97.2201,10.753,131.2204,49.485
BIDU,2016-12-09,170.82,-70.52,0.814,176.38,3.255,173.79,1.739,181.07,6.0
PLUR,2016-12-09,120.0,-74.47,0.649,120.0,0.0,93.6,-22.0,105.6,-12.0
QLYS,2016-12-09,33.0,-76.93,0.765,33.05,0.152,34.95,5.909,40.95,24.091
RPD,2016-12-09,12.99,-71.08,0.868,12.54,-3.464,14.54,11.932,17.08,31.486
V,2016-12-09,73.9022,-53.91,0.924,76.769,3.879,83.0713,12.407,88.6267,19.924
GSAT,2016-12-16,15.75,-60.0,0.886,22.8,44.762,21.9,39.048,33.0,109.524
MCRB,2016-12-23,203.4,-78.97,0.883,203.0,-0.197,240.8,18.387,233.6,14.848
PCRX,2016-12-23,33.3,-74.93,0.878,40.1,20.42,47.4,42.342,47.45,42.492
FLUT,2016-12-30,102.8645,-76.8,0.689,95.9907,-6.682,98.1206,-4.612,102.88,0.015
TCEHY,2016-12-30,21.2949,-76.67,0.983,23.1149,8.547,25.5152,19.818,31.6916,48.823
ABT,2017-01-06,33.997,-44.48,0.882,35.8947,5.582,37.2623,9.605,40.8923,20.282
ARCT,2017-01-06,17.64,-33.63,0.994,9.52,-46.032,7.98,-54.762,7.77,-55.952
CLLS,2017-01-06,18.76,-65.23,0.891,20.0,6.61,24.0,27.932,25.44,35.608
CRM,2017-01-06,72.5449,-47.13,0.945,78.8459,8.686,81.0871,11.775,86.4248,19.133
EQT,2017-01-06,32.4775,-79.22,0.999,32.3483,-0.398,30.3891,-6.43,29.2309,-9.997
HUBS,2017-01-06,52.6,-46.15,0.904,54.2,3.042,60.55,15.114,65.2,23.954
ILMN,2017-01-06,137.6362,-67.23,0.851,157.7335,14.602,165.9922,20.602,167.4222,21.641
MCO,2017-01-06,89.8445,-71.72,0.82,97.0375,8.006,102.76,14.375,113.5795,26.418
MELI,2017-01-06,171.7598,-47.66,0.997,189.708,10.45,211.1282,22.921,255.3365,48.659
META,2017-01-06,122.3357,-50.58,0.929,129.8398,6.134,140.8134,15.104,150.1217,22.713
NBIX,2017-01-06,44.04,-61.9,0.922,43.31,-1.658,43.3,-1.68,46.73,6.108
NOW,2017-01-06,16.42,-45.26,0.867,17.894,8.977,17.494,6.541,21.258,29.464
SPGI,2017-01-06,99.2464,-63.21,0.913,106.1746,6.981,113.5802,14.443,129.6457,30.63
TMO,2017-01-06,143.417,-60.28,0.93,147.4681,2.825,149.7223,4.396,173.159,20.738
TSM,2017-01-06,23.5565,-60.67,0.931,24.6218,4.522,26.1085,10.834,28.4287,20.683
VRTX,2017-01-06,79.39,-70.04,0.891,86.73,9.246,109.35,37.738,130.35,64.189
WDAY,2017-01-06,73.85,-70.75,0.962,84.4,14.286,83.28,12.769,97.1,31.483
ACN,2017-01-13,99.8154,-77.06,0.959,100.3701,0.556,100.2336,0.419,109.2588,9.461
AEHR,2017-01-13,2.52,-78.52,0.841,3.34,32.54,4.28,69.841,3.91,55.159
ALRM,2017-01-13,29.02,-69.81,0.86,28.08,-3.239,30.6,5.445,36.96,27.36
DXCM,2017-01-13,21.2825,-11.79,0.994,20.0,-6.026,19.69,-7.483,17.93,-15.752
EVGN,2017-01-13,55.3,-64.44,0.763,54.6,-1.266,52.4,-5.244,53.5,-3.255
GWRE,2017-01-13,53.67,-60.79,0.869,54.57,1.677,59.08,10.08,70.4,31.172
HDB,2017-01-13,14.6209,-64.42,0.96,16.2558,11.182,17.4483,19.338,20.8351,42.502
PCTY,2017-01-13,33.59,-77.22,0.973,35.67,6.192,38.51,14.647,45.87,36.558
SRPT,2017-01-13,37.83,-65.14,0.728,27.83,-26.434,28.73,-24.055,35.25,-6.82
SSYS,2017-01-13,19.37,-60.63,0.759,21.25,9.706,20.46,5.627,24.0,23.903
LNN,2017-01-27,69.6688,-69.24,0.864,72.8298,4.537,77.718,11.554,82.3696,18.23
AMBA,2017-02-03,51.58,-74.82,0.893,55.6,7.794,56.22,8.996,50.9,-1.318
NTDOY,2017-02-03,5.2735,-69.54,0.966,5.1432,-2.471,6.2571,18.653,8.3843,58.99
REGN,2017-02-03,354.9109,-74.21,0.942,375.1201,5.694,384.8582,8.438,464.3778,30.843
GLOB,2017-02-10,34.66,-74.65,0.957,36.76,6.059,37.41,7.934,42.96,23.947
WMT,2017-02-10,19.3231,-61.94,0.95,20.0604,3.816,21.8919,13.294,23.3076,20.62
WULF,2017-02-10,8.7808,-68.0,0.972,8.3546,-4.854,7.3486,-16.31,7.468,-14.951
VSAT,2017-02-17,67.21,-77.5,0.979,65.04,-3.229,64.25,-4.404,59.3,-11.769
SRPT,2017-02-24,32.02,-56.03,0.811,29.93,-6.527,34.64,8.182,36.51,14.022
CERS,2017-03-03,4.46,-71.51,0.976,4.45,-0.224,2.35,-47.309,2.55,-42.825
MCRB,2017-03-03,192.0,-68.1,0.642,225.4,17.396,187.6,-2.292,277.2,44.375
PLUR,2017-03-03,93.6,-78.33,0.959,98.4,5.128,111.2,18.803,95.2,1.709
TSCO,2017-03-03,12.3804,-71.16,0.89,11.7955,-4.725,9.4299,-23.832,10.2823,-16.947
FLUT,2017-03-10,98.1206,-69.01,0.667,104.5587,6.561,102.88,4.851,93.4406,-4.77
AZO,2017-03-17,730.77,-75.56,0.99,688.46,-5.79,606.36,-17.025,569.89,-22.015
MSTR,2017-03-17,19.186,-70.57,0.772,18.161,-5.342,18.079,-5.77,12.681,-33.905
VRSK,2017-03-17,77.1907,-74.73,0.922,75.2132,-2.562,76.1259,-1.379,77.0386,-0.197
EQT,2017-03-31,30.3891,-56.07,0.987,28.9169,-4.845,27.9619,-7.987,32.481,6.884
JBHT,2017-03-31,84.1438,-75.74,0.937,82.236,-2.267,79.7993,-5.163,102.4073,21.705
PRLB,2017-03-31,51.1,-74.69,0.906,58.0,13.503,66.6,30.333,80.3,57.143
SNA,2017-03-31,133.0177,-65.69,0.978,132.1186,-0.676,122.328,-8.036,118.5597,-10.869
VSAT,2017-03-31,63.82,-78.98,0.894,64.03,0.329,66.73,4.56,64.32,0.783
WULF,2017-03-31,8.5592,-78.4,0.901,7.485,-12.55,7.0843,-17.231,7.0247,-17.929
Z,2017-03-31,33.67,-79.78,0.858,39.0,15.83,51.04,51.589,40.21,19.424
IONS,2017-04-14,42.27,-74.5,0.838,47.08,11.379,53.43,26.402,59.1,39.815
SRPT,2017-04-14,29.93,-71.98,0.786,34.29,14.567,34.36,14.801,50.57,68.961
DRS,2017-04-21,1.122,-65.0,0.694,1.0826,-3.509,2.116,88.596,3.4743,209.649
LAD,2017-04-21,84.0626,-59.23,0.982,83.9863,-0.091,91.3646,8.686,108.1135,28.611
MTSI,2017-04-21,33.55,-64.96,0.963,35.25,5.067,37.35,11.326,38.35,14.307
NTRA,2017-04-21,8.39,-69.94,0.989,10.18,21.335,10.73,27.89,13.2,57.33
ODFL,2017-04-21,26.982,-73.65,0.915,27.5131,1.968,32.0281,18.702,36.0713,33.686
ORLY,2017-04-21,17.6907,-52.45,0.966,16.7573,-5.276,12.2813,-30.577,13.7267,-22.407
PCAR,2017-04-21,31.0343,-71.36,0.87,29.767,-4.083,32.5244,4.801,35.6324,14.816
DXCM,2017-04-28,19.49,-61.02,0.969,17.1625,-11.942,17.38,-10.826,11.14,-42.842
FSLR,2017-04-28,29.55,-69.17,0.928,36.84,24.67,45.15,52.792,57.67,95.161
KEYS,2017-04-28,37.43,-44.79,0.936,38.36,2.485,41.97,12.129,44.29,18.328
MGA,2017-04-28,31.3698,-64.44,0.866,33.9954,8.37,35.9752,14.681,41.4575,32.157
SCHW,2017-04-28,34.3221,-73.96,0.995,34.9831,1.926,37.3111,8.709,39.8289,16.044
CME,2017-05-05,84.3261,-67.43,0.975,83.0267,-1.541,86.603,2.7,100.53,19.216
MCRB,2017-05-05,199.8,-77.24,0.615,190.4,-4.705,273.0,36.637,199.4,-0.2
URI,2017-05-12,107.9735,-77.48,0.98,106.1059,-1.73,113.9517,5.537,140.8488,30.448
INCY,2017-05-19,131.43,-55.52,0.898,118.05,-10.18,124.1,-5.577,105.47,-19.752
TRGP,2017-05-19,35.4088,-79.34,0.898,30.2491,-14.572,31.4084,-11.298,30.4629,-13.968
BRK-B,2017-05-26,165.69,-71.88,0.916,167.22,0.923,177.56,7.164,182.36,10.061
HXL,2017-05-26,47.4884,-77.85,0.838,48.3601,1.836,49.2115,3.629,56.7797,19.565
KMTUY,2017-05-26,22.9897,-78.92,0.962,23.5439,2.411,24.8052,7.897,31.016,34.913
LLY,2017-06-02,69.8821,-64.78,0.863,71.7746,2.708,69.1517,-1.045,75.3559,7.833
MSTR,2017-06-02,18.832,-47.01,0.851,19.167,1.779,12.576,-33.22,13.5,-28.314
SRPT,2017-06-02,31.37,-71.16,0.843,33.71,7.459,36.51,16.385,55.25,76.124
EQT,2017-06-09,28.1112,-67.48,0.992,29.2309,3.983,31.1716,10.887,28.0829,-0.101
JBHT,2017-06-09,81.3441,-66.24,0.927,86.1166,5.867,91.5931,12.6,103.9508,27.791
JPM,2017-06-09,68.1131,-50.19,0.981,73.9142,8.517,72.2209,6.031,83.9158,23.201
PCAR,2017-06-09,30.3261,-71.93,0.92,32.0364,5.64,31.3234,3.289,34.3528,13.278
VMI,2017-06-09,136.9236,-58.69,0.944,138.086,0.849,132.5126,-3.221,154.8878,13.12
WFC,2017-06-09,41.7634,-63.63,0.98,43.2693,3.606,39.8539,-4.572,46.6991,11.818
DXCM,2017-06-16,19.065,-49.9,0.963,17.93,-5.953,17.815,-6.557,14.26,-25.203
ENR,2017-06-16,37.2733,-77.1,0.984,33.6692,-9.669,33.6177,-9.808,35.2238,-5.499
WSC,2017-06-16,9.8768,-66.67,0.709,9.8277,-0.498,9.9259,0.497,12.1863,23.383
PACB,2017-06-23,3.71,-76.38,0.942,3.18,-14.286,5.37,44.744,2.67,-28.032
PCRX,2017-06-23,47.45,-46.66,0.737,47.65,0.421,37.05,-21.918,44.15,-6.955
DIS,2017-06-30,98.6503,-76.18,0.918,102.8544,4.262,92.2285,-6.51,101.3717,2.759
EVGN,2017-07-07,48.5,-76.19,0.958,47.6,-1.856,44.4,-8.454,37.1,-23.505
FATE,2017-07-07,3.39,-74.59,0.949,2.94,-13.274,3.96,16.814,6.82,101.18
LRN,2017-07-07,17.97,-79.85,0.932,18.09,0.668,17.84,-0.723,15.72,-12.521
AMBA,2017-07-14,51.6,-76.4,0.953,50.7,-1.744,49.73,-3.624,54.92,6.434
CCJ,2017-07-14,9.5183,-62.82,0.899,9.27,-2.608,8.9703,-5.758,9.5713,0.557
TGTX,2017-07-14,10.85,-75.69,0.98,11.35,4.608,12.3,13.364,9.875,-8.986
WMS,2017-07-14,18.1557,-74.07,0.925,18.5642,2.25,18.3127,0.865,22.5227,24.053
DXCM,2017-08-04,17.785,-67.69,0.909,18.74,5.37,11.14,-37.363,14.32,-19.483
FLUT,2017-08-04,100.4441,-37.19,0.913,93.4406,-6.972,98.8951,-1.542,112.5458,12.048
PACB,2017-08-04,4.01,-13.89,0.802,5.06,26.185,4.25,5.985,2.7,-32.668
NTRA,2017-08-11,10.62,-33.8,0.922,13.1,23.352,10.88,2.448,9.07,-14.595
UNP,2017-08-11,84.9789,-77.59,0.914,88.4776,4.117,96.7055,13.799,105.6321,24.304
ARCT,2017-08-18,7.14,-77.5,0.557,7.84,9.804,9.73,36.275,5.77,-19.188
GMED,2017-08-18,30.11,-72.32,1.0,30.15,0.133,35.94,19.362,48.22,60.146
RPD,2017-08-18,16.51,-61.17,0.823,16.69,1.09,19.01,15.142,24.19,46.517
AMBA,2017-08-25,52.98,-68.75,0.815,46.96,-11.363,53.71,1.378,48.89,-7.72
CLLS,2017-08-25,25.19,-47.61,0.836,27.81,10.401,23.74,-5.756,32.43,28.742
DGX,2017-08-25,89.4444,-69.67,0.923,85.3407,-4.588,78.1358,-12.643,86.5542,-3.231
HALO,2017-08-25,12.29,-75.82,0.871,16.78,36.534,18.28,48.739,19.87,61.676
HLT,2017-08-25,61.5036,-57.97,0.952,66.067,7.42,71.9498,16.985,81.367,32.296
LLY,2017-08-25,69.1517,-71.86,0.905,73.6454,6.498,73.2096,5.868,70.0708,1.329
LRN,2017-08-25,17.64,-63.87,0.915,17.57,-0.397,15.69,-11.054,15.48,-12.245
MRK,2017-08-25,45.5136,-66.03,0.872,47.4379,4.228,40.2053,-11.663,40.3049,-11.444
PCAR,2017-08-25,30.4435,-72.25,0.963,33.9678,11.576,31.8325,4.563,34.7489,14.142
SHW,2017-08-25,104.3223,-64.31,0.879,107.5827,3.125,119.294,14.351,123.018,17.921
TGTX,2017-08-25,11.45,-70.27,0.896,11.95,4.367,7.7,-32.751,14.05,22.707
LNG,2017-09-01,41.5379,-66.4,0.919,42.8508,3.161,45.6288,9.849,49.6437,19.514
PCRX,2017-09-01,38.0,-78.21,0.891,37.55,-1.184,45.95,20.921,33.25,-12.5
RIOT,2017-09-01,3.4333,-40.3,0.666,4.6016,34.027,23.6,587.385,10.58,208.158
SIMO,2017-09-01,37.4333,-57.87,0.863,38.5986,3.113,39.9878,6.824,37.2288,-0.546
SITE,2017-09-01,50.85,-53.17,0.706,58.1,14.258,71.91,41.416,69.89,37.443
SSYS,2017-09-01,22.71,-75.15,0.876,23.12,1.805,22.15,-2.466,20.34,-10.436
VMI,2017-09-01,132.5126,-79.95,0.919,145.0268,9.444,152.6404,15.189,133.6332,0.846
ETN,2017-09-08,60.5306,-79.19,0.922,65.2378,7.777,65.6793,8.506,70.8541,17.055
EW,2017-09-08,37.73,-73.75,0.755,37.1533,-1.528,38.8033,2.845,46.44,23.085
INSM,2017-09-08,30.04,-6.78,0.923,31.28,4.128,30.98,3.129,26.23,-12.683
GLOB,2017-09-15,38.85,-79.89,0.916,42.0,8.108,39.11,0.669,53.29,37.169
GSAT,2017-09-15,27.3,-64.0,0.795,23.25,-14.835,19.95,-26.923,12.15,-55.495
IRDM,2017-09-15,9.4589,-77.89,0.992,10.5827,11.881,11.4724,21.287,10.8168,14.356
SCHW,2017-09-15,35.6606,-63.91,0.967,39.6693,11.241,45.6582,28.036,49.5917,39.066
WFC,2017-09-15,40.3935,-65.47,0.915,41.9807,3.929,46.6991,15.61,44.2766,9.613
FN,2017-09-29,37.06,-78.98,0.999,37.38,0.863,29.25,-21.074,31.38,-15.326
OPCH,2017-09-29,11.0,-60.38,0.73,10.04,-8.727,11.32,2.909,9.84,-10.545
AMZN,2017-10-06,49.479,-61.84,0.983,55.58,12.33,58.4735,18.178,70.2615,42.003
BKNG,2017-10-06,75.1242,-51.09,0.98,74.2034,-1.226,68.0638,-9.398,79.6446,6.017
REGN,2017-10-06,465.5567,-56.37,0.885,404.5919,-13.095,372.4453,-20.0,316.6221,-31.991
EW,2017-10-20,37.6933,-59.36,0.774,35.6967,-5.297,40.2767,6.854,45.6967,21.233
SSYS,2017-10-20,23.21,-43.67,0.926,20.98,-9.608,23.24,0.129,21.52,-7.281
CCJ,2017-10-27,7.9885,-78.72,0.992,9.5285,19.278,9.3383,16.897,10.0761,26.132
GSAT,2017-10-27,24.75,-74.14,0.847,24.0,-3.03,18.3,-26.061,9.9,-60.0
NVS,2017-11-03,53.9204,-50.56,0.915,55.4343,2.808,60.4978,12.198,51.2133,-5.021
PCRX,2017-11-03,36.1,-40.04,0.93,45.25,25.346,40.2,11.357,33.95,-5.956
WMS,2017-11-03,19.406,-27.16,0.947,21.472,10.646,22.5684,16.296,22.7663,17.316
GLOB,2017-11-17,40.58,-36.0,0.985,42.37,4.411,42.69,5.2,51.27,26.343
OPCH,2017-11-17,8.88,-73.58,0.938,10.84,22.072,11.88,33.784,9.92,11.712
Z,2017-11-17,40.89,-39.43,0.981,41.22,0.807,45.12,10.345,51.67,26.363
LRN,2017-11-24,15.95,-73.09,0.92,16.39,2.759,15.3,-4.075,15.95,-0.0
EQT,2017-12-01,29.6719,-66.67,0.969,28.3519,-4.449,25.9574,-12.519,25.8878,-12.753
VRTX,2017-12-08,143.61,-72.19,0.938,155.69,8.412,170.06,18.418,150.55,4.833
WULF,2017-12-08,6.6496,-77.34,0.987,6.5984,-0.77,8.6529,30.127,9.2838,39.614
PCTY,2017-12-15,47.64,-64.16,0.869,49.64,4.198,52.72,10.663,62.82,31.864
PW,2017-12-22,61.8,-76.0,0.729,60.1,-2.751,64.0,3.56,63.0,1.942
TGTX,2017-12-22,8.5,-77.48,0.985,9.35,10.0,16.2,90.588,13.7,61.176
ARCT,2018-01-05,9.47,-67.53,0.666,5.93,-37.381,5.5,-41.922,9.01,-4.857
BL,2018-01-05,35.0,-63.19,0.897,32.98,-5.771,39.21,12.029,45.18,29.086
INCY,2018-01-05,99.85,-72.69,0.991,85.92,-13.951,83.33,-16.545,70.83,-29.064
MCRB,2018-01-05,212.2,-76.03,0.826,189.2,-10.839,146.8,-30.82,184.2,-13.195
NTDOY,2018-01-05,9.3679,-69.76,0.956,10.3733,10.732,10.9638,17.036,7.776,-16.993
REGN,2018-01-05,381.4999,-74.2,0.952,344.608,-9.67,341.1407,-10.579,366.1349,-4.028
TWLO,2018-01-05,25.76,-76.7,0.768,25.55,-0.815,38.18,48.214,58.47,126.98
ATEYY,2018-01-12,4.8807,-74.65,0.979,4.8086,-1.478,5.1318,5.144,5.2934,8.456
IONS,2018-01-12,53.22,-73.55,0.868,46.75,-12.157,40.68,-23.563,45.24,-14.994
LRN,2018-01-12,16.51,-55.96,0.855,15.51,-6.057,14.42,-12.659,17.67,7.026
TNDM,2018-01-12,3.24,-79.63,0.818,2.35,-27.469,5.75,77.469,25.89,699.074
PACB,2018-01-26,2.94,-78.06,0.985,2.46,-16.327,2.59,-11.905,3.66,24.49
TTD,2018-01-26,5.124,-66.58,0.956,5.994,16.979,5.413,5.64,8.95,74.668
PW,2018-02-02,61.1,-76.6,0.677,60.4,-1.146,62.8,2.782,61.6,0.818
AOSL,2018-02-16,14.57,-77.97,0.993,16.96,16.404,15.35,5.353,14.31,-1.784
BL,2018-02-16,39.04,-7.4,0.89,40.4,3.484,41.6,6.557,46.56,19.262
MCRB,2018-02-16,188.4,-55.88,0.974,179.6,-4.671,166.4,-11.677,161.2,-14.437
MSTR,2018-02-16,13.755,-33.7,0.844,13.176,-4.209,12.928,-6.012,13.953,1.439
TWLO,2018-02-16,33.09,-3.53,0.732,41.02,23.965,53.58,61.922,77.49,134.18
TNDM,2018-02-23,2.86,-60.87,0.71,3.99,39.51,12.83,348.601,38.37,1241.608
CDNA,2018-03-02,5.86,-69.28,0.634,7.97,36.007,11.56,97.27,24.31,314.846
AEHR,2018-03-09,2.52,-70.25,0.938,2.29,-9.127,2.72,7.937,2.45,-2.778
NTRA,2018-03-16,10.84,-37.54,0.956,10.29,-5.074,12.29,13.376,24.42,125.277
PW,2018-03-16,64.0,-14.89,0.558,60.3,-5.781,61.0,-4.688,59.8,-6.563
ORLY,2018-03-30,16.492,-76.69,0.957,17.5527,6.431,19.0773,15.676,23.1547,40.399
OPCH,2018-04-06,10.56,-64.52,0.971,10.72,1.515,11.72,10.985,12.04,14.015
AQB,2018-04-20,63.12,-46.71,0.632,61.6,-2.408,62.0,-1.774,66.4,5.196
MTLS,2018-04-20,12.66,-50.0,0.979,12.61,-0.395,12.92,2.054,12.48,-1.422
MARA,2018-04-27,7.6,-63.43,0.784,5.2,-31.579,4.36,-42.632,2.64,-65.263
CLLS,2018-05-25,30.9,-68.53,0.971,29.68,-3.948,28.3,-8.414,21.08,-31.78
OPCH,2018-05-25,10.04,-77.78,0.888,11.48,14.343,11.8,17.53,12.92,28.685
DKS,2018-06-01,27.6094,-38.48,0.97,27.6982,0.322,28.3032,2.513,28.4393,3.006
LAD,2018-06-08,94.9564,-52.54,0.889,91.4064,-3.739,81.4194,-14.256,68.2989,-28.073
SNAP,2018-06-08,13.08,-67.79,0.879,13.53,3.44,10.9,-16.667,5.8,-55.657
VRTX,2018-06-15,155.02,-67.87,0.982,180.5,16.437,179.47,15.772,170.06,9.702
INOD,2018-07-06,1.05,-68.97,0.814,1.16,10.476,1.47,40.0,1.48,40.952
MKTX,2018-07-06,185.9134,-69.69,0.976,174.0637,-6.374,164.1936,-11.683,197.5359,6.252
SYRS,2018-07-06,116.0,-59.63,0.786,101.7,-12.328,119.1,2.672,62.3,-46.293
CLLS,2018-07-13,28.35,-74.94,0.846,28.15,-0.705,28.36,0.035,18.32,-35.379
CGEN,2018-07-20,3.38,-77.24,0.939,3.5,3.55,3.35,-0.888,3.17,-6.213
HALO,2018-07-20,18.14,-58.97,0.92,17.17,-5.347,17.1,-5.733,16.43,-9.427
MARA,2018-07-20,4.36,-78.91,0.912,3.56,-18.349,2.44,-44.037,1.52,-65.138
AEHR,2018-08-03,2.38,-75.68,0.853,2.53,6.303,1.96,-17.647,1.3,-45.378
IIPR,2018-08-10,20.3096,-54.34,0.947,24.7939,22.08,23.7772,17.073,37.6903,85.579
INCY,2018-08-10,64.44,-78.18,0.975,69.17,7.34,67.41,4.609,80.87,25.497
MCRB,2018-08-10,158.6,-71.68,0.982,178.8,12.736,145.6,-8.197,119.8,-24.464
TGTX,2018-08-10,11.85,-79.05,0.931,11.5,-2.954,5.07,-57.215,4.22,-64.388
EVGN,2018-08-17,27.7,-79.31,0.953,30.5,10.108,29.5,6.498,22.7,-18.051
AQB,2018-08-24,56.8,-61.11,0.512,59.0,3.873,48.0,-15.493,53.2,-6.338
ARGX,2018-08-24,91.73,-54.72,0.807,77.96,-15.011,93.23,1.635,126.93,38.373
CLLS,2018-08-24,29.32,-56.41,0.732,28.98,-1.16,22.0,-24.966,17.13,-41.576
EQT,2018-08-24,25.524,-70.56,0.993,24.0719,-5.689,15.2442,-40.275,17.7597,-30.42
PLUR,2018-08-24,108.8,-50.0,0.754,104.8,-3.676,88.0,-19.118,80.8,-25.735
GBTC,2018-08-31,8.5818,-73.02,0.931,7.1725,-16.422,4.4083,-48.632,4.1373,-51.79
MARA,2018-08-31,3.92,-78.38,0.82,2.92,-25.51,2.32,-40.816,2.56,-34.694
PW,2018-08-31,60.5,-78.33,0.688,60.3,-0.331,59.6,-1.488,59.9,-0.992
AEHR,2018-09-21,2.52,-52.31,0.708,2.04,-19.048,1.63,-35.317,1.4,-44.444
VMI,2018-09-21,130.0676,-74.04,0.999,119.538,-8.095,105.5734,-18.832,120.0142,-7.729
CCJ,2018-09-28,11.0662,-27.17,0.987,10.2994,-6.93,10.5358,-4.793,11.5016,3.934
ENR,2018-10-12,44.3049,-70.43,0.951,45.789,3.35,34.9247,-21.172,36.604,-17.382
VCYT,2018-10-12,10.18,-65.53,0.923,14.48,42.24,14.24,39.882,25.65,151.965
DGX,2018-10-19,87.7209,-79.69,0.977,82.0298,-6.488,72.7698,-17.044,74.2788,-15.324
EQT,2018-10-19,23.1437,-78.15,0.976,15.2442,-34.133,18.7053,-19.177,18.799,-18.773
INCY,2018-10-19,66.06,-62.9,0.877,66.51,0.681,74.65,13.003,73.96,11.959
LRN,2018-10-19,17.12,-59.92,0.953,22.7,32.593,24.58,43.575,35.42,106.893
PLUR,2018-10-19,96.0,-72.0,0.798,88.0,-8.333,85.6,-10.833,40.0,-58.333
VSAT,2018-10-26,62.57,-73.95,1.0,67.72,8.231,62.01,-0.895,89.38,42.848
AEHR,2018-11-02,1.98,-79.31,0.94,1.88,-5.051,1.1,-44.444,1.65,-16.667
AQB,2018-11-02,55.4,-70.06,0.559,49.8,-10.108,45.8,-17.329,48.4,-12.635
CLLS,2018-11-02,26.82,-56.08,0.862,22.02,-17.897,16.31,-39.187,20.0,-25.429
DKS,2018-11-02,28.8503,-41.71,0.88,28.4393,-1.425,27.539,-4.545,29.2352,1.334
OPCH,2018-11-02,11.28,-60.94,0.855,15.8,40.071,14.6,29.433,7.92,-29.787
PW,2018-11-02,58.5,-54.93,0.836,59.2,1.197,51.6,-11.795,60.6,3.59
SSYS,2018-11-02,24.11,-28.37,0.931,21.39,-11.282,22.32,-7.424,25.69,6.553
MARA,2018-11-09,2.92,-65.38,0.716,2.0,-31.507,1.36,-53.425,2.92,0.0
MSTR,2018-11-30,12.964,-69.71,0.981,12.688,-2.129,14.541,12.164,13.291,2.522
PW,2018-12-14,56.8,-67.65,0.995,53.7,-5.458,60.2,5.986,57.5,1.232
GSAT,2018-12-21,7.05,-28.0,0.838,9.9,40.426,6.6,-6.383,8.25,17.021
AQB,2019-01-04,47.0,-59.6,0.69,46.4,-1.277,43.8,-6.809,61.4,30.638
DRS,2019-01-04,2.5885,-80.0,0.754,2.7853,7.603,2.8936,11.786,3.4644,33.839
SE,2019-01-04,11.56,-75.73,0.941,15.33,32.612,23.52,103.46,35.71,208.91
PCRX,2019-01-18,40.04,-77.03,0.983,40.68,1.598,37.77,-5.669,39.88,-0.4
RIOT,2019-01-25,1.76,-76.96,0.947,3.95,124.432,5.4,206.818,1.97,11.932
MARA,2019-02-08,2.08,-66.67,0.625,2.52,21.154,2.94,41.346,2.07,-0.481
DRS,2019-02-22,2.7558,-53.85,0.746,2.7755,0.714,3.8286,38.928,4.6947,70.356
GBTC,2019-02-22,4.3722,-40.4,0.756,4.3297,-0.972,8.3378,90.701,12.1409,177.684
ABBV,2019-03-15,59.3624,-65.39,0.967,59.7354,0.628,57.2581,-3.545,52.936,-10.826
FLUT,2019-03-29,76.0955,-67.09,0.981,85.2491,12.029,73.7638,-3.064,93.898,23.395
TSLA,2019-03-29,18.6573,-73.96,0.988,15.676,-15.979,14.7907,-20.725,16.142,-13.482
EVGN,2019-04-05,24.2,-23.47,0.945,19.0,-21.488,16.1,-33.471,16.4,-32.231
GSAT,2019-04-26,7.5,-64.52,0.709,7.95,6.0,6.0,-20.0,5.7,-24.0
PCRX,2019-04-26,40.07,-51.69,0.952,43.33,8.136,39.88,-0.474,39.64,-1.073
CCJ,2019-05-03,10.6236,-79.93,0.969,9.8431,-7.346,8.9944,-15.335,8.9847,-15.427
CDLX,2019-05-03,169.6,-51.71,0.8,229.5,35.318,290.6,71.344,414.5,144.399
INCY,2019-05-03,83.06,-35.03,0.834,78.63,-5.333,80.15,-3.503,83.58,0.626
SRPT,2019-05-10,122.0,-77.51,0.974,123.9,1.557,146.14,19.787,96.28,-21.082
WULF,2019-05-24,6.7263,-53.96,0.784,6.9053,2.661,5.4901,-18.378,4.433,-34.094
ABBV,2019-06-07,57.2581,-63.1,0.872,53.9748,-5.734,49.3549,-13.803,66.2532,15.71
AVGO,2019-06-07,22.8922,-66.11,0.958,23.7666,3.82,23.765,3.812,26.8187,17.152
BKNG,2019-06-07,69.652,-45.93,0.99,75.3886,8.236,77.0203,10.579,75.6048,8.546
BLK,2019-06-07,374.2573,-53.87,0.956,403.3982,7.786,356.0967,-4.852,424.0004,13.291
BMY,2019-06-07,35.4949,-76.4,0.997,35.1506,-0.97,36.8205,3.735,46.3061,30.458
BRK-B,2019-06-07,205.81,-59.95,0.962,215.25,4.587,203.41,-1.166,222.61,8.163
CAT,2019-06-07,107.5164,-78.03,0.911,117.0448,8.862,103.5907,-3.651,125.2158,16.462
CGC,2019-06-07,421.9,-73.47,0.839,401.6,-4.812,235.8,-44.11,186.5,-55.795
CGEN,2019-06-07,3.21,-69.62,0.953,3.79,18.069,3.85,19.938,5.38,67.601
ETN,2019-06-07,69.2122,-56.63,0.948,71.6015,3.452,71.2631,2.963,82.8416,19.692
EW,2019-06-07,61.27,-43.67,0.951,62.7667,2.443,73.9467,20.69,79.66,30.015
GGG,2019-06-07,45.3684,-58.53,0.932,46.4456,2.374,41.731,-8.017,45.1844,-0.406
HALO,2019-06-07,15.51,-72.35,0.904,17.33,11.734,16.52,6.512,19.16,23.533
JD,2019-06-07,23.4813,-78.52,0.876,27.1875,15.784,26.7232,13.806,28.8522,22.873
KLAC,2019-06-07,10.0415,-69.85,0.916,10.8197,7.75,13.6485,35.921,15.1045,50.421
KMTUY,2019-06-07,21.6042,-69.18,0.889,22.8177,5.617,20.1614,-6.678,23.6968,9.686
MSTR,2019-06-07,13.714,-68.9,0.983,14.024,2.26,14.329,4.484,15.16,10.544
NFLX,2019-06-07,36.087,-47.09,0.805,38.055,5.453,29.375,-18.599,30.735,-14.831
NTLA,2019-06-07,15.06,-72.9,0.823,15.93,5.777,14.19,-5.777,17.1,13.546
NXPI,2019-06-07,82.3202,-68.61,0.994,86.0061,4.478,91.0045,10.549,106.094,28.88
ORCL,2019-06-07,47.944,-40.25,0.879,53.3631,11.303,47.0535,-1.857,49.7781,3.826
PACB,2019-06-07,6.89,-72.62,0.539,6.11,-11.321,5.55,-19.448,5.0,-27.431
PCAR,2019-06-07,36.2487,-34.68,0.846,36.4501,0.555,34.0112,-6.173,42.2527,16.563
SCHW,2019-06-07,38.839,-69.51,0.96,36.9061,-4.977,34.7238,-10.595,44.5901,14.808
SFIX,2019-06-07,27.97,-60.9,0.823,31.01,10.869,19.06,-31.856,24.09,-13.872
SSYS,2019-06-07,22.89,-76.86,0.918,27.97,22.193,23.82,4.063,19.04,-16.82
URI,2019-06-07,117.6676,-61.07,0.992,127.9586,8.746,108.3586,-7.911,151.3901,28.659
XYL,2019-06-07,72.8211,-40.24,0.938,75.8232,4.123,70.3482,-3.396,69.36,-4.753
XYZ,2019-06-07,68.46,-55.62,0.922,74.31,8.545,61.84,-9.67,67.98,-0.701
AMBA,2019-06-14,41.38,-69.56,0.973,46.27,11.817,62.52,51.087,54.97,32.842
BABA,2019-06-14,148.7804,-78.75,0.947,159.1037,6.939,166.2746,11.758,192.8311,29.608
COHR,2019-06-14,33.65,-75.93,0.962,36.73,9.153,38.96,15.78,31.85,-5.349
MARA,2019-06-14,2.32,-78.95,0.801,2.37,2.155,1.83,-21.121,1.05,-54.741
MGA,2019-06-14,36.5609,-74.89,0.986,37.9038,3.673,41.4725,13.434,44.2358,20.992
MXL,2019-06-14,22.18,-78.84,0.938,24.79,11.767,20.82,-6.132,20.67,-6.808
ODFL,2019-06-14,45.8556,-64.65,0.937,48.4093,5.569,53.2425,16.109,60.2974,31.494
VMI,2019-06-14,109.9466,-79.57,0.933,121.3999,10.417,129.613,17.887,137.8325,25.363
AQB,2019-06-21,62.0,-23.08,0.805,72.2,16.452,60.6,-2.258,40.6,-34.516
AVAV,2019-06-21,63.99,-74.13,0.976,54.27,-15.19,60.88,-4.86,63.4,-0.922
CCJ,2019-06-21,10.3699,-73.13,0.843,9.9797,-3.763,9.4529,-8.843,8.4829,-18.197
INSM,2019-06-21,26.76,-58.55,0.84,22.14,-17.265,18.82,-29.671,23.95,-10.501
NVDA,2019-06-21,3.766,-68.41,0.939,4.1799,10.992,4.5194,20.006,5.9504,58.003
SYRS,2019-06-21,68.3,-67.41,0.883,74.0,8.346,114.8,68.082,70.3,2.928
TCEHY,2019-06-21,40.2339,-55.32,0.802,40.4996,0.66,39.49,-1.849,42.6428,5.987
TSEM,2019-06-21,15.48,-78.91,0.881,16.4,5.943,20.67,33.527,24.9,60.853
WFC,2019-06-21,38.7136,-65.15,0.931,38.0036,-1.834,40.8444,5.504,44.9525,16.116
AAOI,2019-06-28,10.28,-63.25,0.877,9.31,-9.436,11.15,8.463,11.52,12.062
DKS,2019-06-28,27.9846,-77.78,0.913,30.2958,8.259,30.7718,9.96,39.4693,41.04
MU,2019-06-28,37.6305,-49.25,0.927,46.3093,23.063,47.9377,27.391,52.6867,40.011
WULF,2019-07-05,6.0699,-71.03,0.831,5.8141,-4.214,5.4049,-10.956,4.6376,-23.596
ALGN,2019-07-12,283.91,-71.51,0.879,183.33,-35.427,181.59,-36.04,293.33,3.318
INOD,2019-07-12,1.11,-46.51,0.996,1.25,12.613,1.3,17.117,1.15,3.604
AEHR,2019-07-19,1.59,-66.67,0.842,1.33,-16.352,1.74,9.434,2.0,25.786
IONS,2019-07-19,68.76,-71.42,0.832,69.08,0.465,62.74,-8.755,60.13,-12.551
AOSL,2019-07-26,10.64,-50.81,0.918,12.26,15.226,12.52,17.669,13.88,30.451
CLLS,2019-07-26,15.4,-77.71,0.954,12.1,-21.429,10.15,-34.091,16.39,6.429
CWH,2019-07-26,7.7769,-79.26,0.925,5.565,-28.442,6.3086,-18.881,11.897,52.979
GSAT,2019-07-26,6.9,-76.67,0.929,5.85,-15.217,5.4,-21.739,7.35,6.522
NFLX,2019-07-26,33.578,-62.62,0.927,29.144,-13.205,27.53,-18.012,35.316,5.176
VSAT,2019-07-26,83.71,-77.63,0.944,76.23,-8.936,71.51,-14.574,69.09,-17.465
BL,2019-08-02,56.01,-1.99,0.97,50.93,-9.07,47.86,-14.551,61.17,9.213
FIVN,2019-08-02,58.03,-22.11,0.992,63.21,8.926,55.28,-4.739,71.73,23.608
VRTX,2019-08-02,178.39,-35.67,0.932,180.02,0.914,194.49,9.025,227.05,27.277
EVGN,2019-08-09,16.0,-53.57,0.977,17.0,6.25,15.6,-2.5,15.4,-3.75
PACB,2019-08-09,5.68,-72.8,0.943,5.57,-1.937,4.9,-13.732,4.53,-20.246
QLYS,2019-08-09,82.99,-68.55,0.929,80.91,-2.506,86.35,4.049,88.57,6.724
BRK-B,2019-08-16,199.72,-79.6,0.895,213.61,6.955,221.31,10.81,226.8,13.559
HUYA,2019-08-16,9.2345,-29.52,0.676,9.1775,-0.617,9.5995,3.952,8.0027,-13.339
PYPL,2019-08-16,105.2485,-79.5,0.933,106.0813,0.791,100.5492,-4.465,121.934,15.853
TNDM,2019-08-23,66.81,-34.03,0.864,63.88,-4.386,64.27,-3.802,88.0,31.717
TWLO,2019-08-23,127.96,-79.5,0.96,114.22,-10.738,99.54,-22.21,123.27,-3.665
BLK,2019-08-30,356.0967,-76.21,0.992,378.9669,6.422,411.9853,15.695,395.9908,11.203
C,2019-08-30,50.6075,-69.28,0.965,54.6263,7.941,59.3018,17.18,50.5976,-0.02
CAT,2019-08-30,103.5907,-73.92,0.936,110.1979,6.378,126.2335,21.858,109.7669,5.962
DOCU,2019-08-30,46.69,-73.21,0.843,60.64,29.878,71.12,52.324,86.31,84.858
ESI,2019-08-30,8.6247,-65.79,0.989,9.586,11.146,11.0836,28.51,9.6045,11.361
JPM,2019-08-30,91.0729,-56.18,0.958,97.5888,7.155,109.2922,20.005,97.648,7.22
REGN,2019-08-30,287.3384,-77.99,0.979,270.9035,-5.72,357.2884,24.344,440.4139,53.274
TDOC,2019-08-30,57.88,-78.48,0.901,66.52,14.927,81.48,40.774,124.96,115.895
WFC,2019-08-30,38.8823,-43.12,0.989,42.3389,8.89,45.7533,17.671,34.8003,-10.498
WSC,2019-08-30,13.7096,-77.29,0.829,15.6407,14.086,17.1886,25.376,17.2377,25.735
XENE,2019-08-30,9.32,-72.14,0.74,8.77,-5.901,9.38,0.644,14.42,54.721
XYL,2019-08-30,70.3482,-70.86,0.96,73.5805,4.595,70.8058,0.65,71.4404,1.553
AAOI,2019-09-06,10.3,-35.95,0.732,10.485,1.796,10.7,3.883,8.79,-14.66
ABBV,2019-09-06,50.7663,-67.98,0.894,56.0516,10.411,66.8244,31.631,68.5687,35.067
AEHR,2019-09-06,1.41,-76.67,0.821,1.65,17.021,1.89,34.043,1.8,27.66
ANET,2019-09-06,14.7312,-71.29,0.956,14.2856,-3.025,12.1956,-17.212,11.9237,-19.058
AVAV,2019-09-06,56.94,-56.3,0.887,54.42,-4.426,61.34,7.727,61.15,7.394
FATE,2019-09-06,17.88,-67.95,0.933,15.13,-15.38,15.62,-12.64,29.46,64.765
KMTUY,2019-09-06,20.9162,-69.27,0.759,21.48,2.695,22.3877,7.035,18.8045,-10.096
LNG,2019-09-06,58.9769,-67.51,0.902,59.6048,1.065,57.5974,-2.339,43.3075,-26.569
MAR,2019-09-06,123.1506,-68.97,0.949,114.9964,-6.621,134.0253,8.83,106.0894,-13.854
PRLB,2019-09-06,99.64,-64.93,0.991,99.7,0.06,96.89,-2.76,84.12,-15.576
TCEHY,2019-09-06,38.7726,-53.65,0.776,36.6825,-5.391,37.3291,-3.723,44.3609,14.413
GSAT,2019-09-13,6.45,-71.43,0.904,5.1,-20.93,6.9,6.977,4.65,-27.907
ILMN,2019-09-13,292.714,-67.98,0.96,294.3385,0.555,317.5778,8.494,226.9747,-22.459
INSM,2019-09-13,18.82,-69.81,0.979,17.4,-7.545,23.1,22.742,20.44,8.608
IONS,2019-09-13,66.2,-50.85,0.966,62.74,-5.227,64.61,-2.402,48.41,-26.873
NTLA,2019-09-13,14.25,-77.61,0.784,11.02,-22.667,17.1,20.0,11.46,-19.579
PCRX,2019-09-13,38.15,-67.68,0.926,37.69,-1.206,45.87,20.236,35.09,-8.021
SIMO,2019-09-13,28.9943,-79.8,0.964,32.3719,11.649,39.3441,35.696,30.8515,6.405
TREE,2019-09-13,323.52,-74.17,0.949,312.02,-3.555,350.84,8.445,247.56,-23.479
ASND,2019-09-20,109.49,-67.3,0.914,98.89,-9.681,115.19,5.206,102.48,-6.402
INCY,2019-09-20,81.21,-56.57,0.928,77.76,-4.248,91.51,12.683,66.96,-17.547
NOW,2019-09-20,54.234,-56.47,0.91,48.6,-10.388,54.596,0.667,50.94,-6.074
XYZ,2019-09-27,60.75,-77.98,0.876,62.89,3.523,63.63,4.741,53.34,-12.198
ABT,2019-10-04,72.1121,-67.77,0.986,72.9928,1.221,77.1785,7.026,70.4562,-2.296
ALRM,2019-10-04,47.29,-79.25,0.94,50.47,6.724,42.75,-9.6,37.84,-19.983
HALO,2019-10-04,15.71,-76.47,0.826,15.55,-1.018,17.98,14.449,16.25,3.437
HLT,2019-10-04,91.7863,-69.77,0.939,94.6967,3.171,110.6741,20.578,55.1705,-39.892
IQV,2019-10-04,149.3,-62.92,0.974,146.74,-1.715,154.44,3.443,102.72,-31.199
JNJ,2019-10-04,110.3413,-50.9,0.985,108.3105,-1.841,121.1556,9.801,112.2409,1.722
META,2019-10-04,178.8792,-79.31,0.869,191.9345,7.298,206.2885,15.323,152.8378,-14.558
QLYS,2019-10-04,78.47,-70.61,0.892,86.35,10.042,84.64,7.863,87.89,12.005
VRTX,2019-10-04,172.42,-69.02,0.935,200.94,16.541,220.97,28.158,238.31,38.215
ALGN,2019-10-11,200.16,-74.93,0.918,259.92,29.856,280.44,40.108,193.19,-3.482
NFLX,2019-10-11,28.293,-76.86,0.959,29.157,3.054,32.59,15.188,37.072,31.029
SFIX,2019-10-11,21.79,-65.74,0.84,21.85,0.275,25.13,15.328,15.05,-30.932
TWLO,2019-10-11,114.34,-77.99,0.985,93.23,-18.462,103.52,-9.463,95.34,-16.617
ACN,2019-10-18,167.9207,-71.71,0.977,176.6542,5.201,186.3931,11.001,158.4781,-5.623
AMZN,2019-10-18,87.8755,-78.77,0.705,86.9745,-1.025,94.158,7.149,118.75,35.134
IOVA,2019-10-18,19.57,-78.7,0.809,22.74,16.198,27.15,38.733,35.8,82.933
TNDM,2019-10-18,63.58,-48.75,0.904,64.27,1.085,67.25,5.772,72.94,14.722
UNH,2019-10-18,218.6671,-39.91,0.998,240.1113,9.807,264.0553,20.757,261.0925,19.402
XENE,2019-10-18,8.8,-69.49,0.768,8.77,-0.341,16.65,89.205,12.61,43.295
ADBE,2019-10-25,270.98,-78.44,0.92,299.3,10.451,349.74,29.065,344.1,26.984
CRSP,2019-10-25,39.85,-76.19,0.784,62.2,56.085,58.33,46.374,54.01,35.533
GBTC,2019-10-25,9.3135,-73.51,0.912,8.374,-10.088,9.0967,-2.328,7.7236,-17.071
GSAT,2019-10-25,5.7,-75.0,0.919,5.55,-2.632,7.5,31.579,4.65,-18.421
MAR,2019-10-25,120.0583,-61.71,0.954,130.1008,8.365,143.4785,19.507,77.3764,-35.551
MARA,2019-10-25,1.54,-63.48,0.855,1.09,-29.221,1.03,-33.117,0.47,-69.481
TGTX,2019-10-25,5.78,-72.61,0.86,7.65,32.353,13.7,137.024,13.69,136.851
TREE,2019-10-25,323.63,-72.49,0.844,369.23,14.09,310.38,-4.094,215.64,-33.368
Z,2019-10-25,34.37,-73.63,0.852,41.1,19.581,47.96,39.54,40.705,18.432
ARGX,2019-11-01,125.73,-54.49,0.909,148.05,17.752,144.75,15.128,145.52,15.74
COHR,2019-11-01,34.21,-76.33,0.824,29.19,-14.674,37.29,9.003,32.52,-4.94
DIS,2019-11-01,127.943,-73.43,0.969,146.0911,14.185,135.8164,6.154,102.2889,-20.051
FATE,2019-11-01,15.34,-80.0,0.982,15.62,1.825,24.16,57.497,26.59,73.338
NTDOY,2019-11-01,9.7985,-3.7,0.805,9.5576,-2.459,9.8222,0.242,10.3417,5.543
NTLA,2019-11-01,13.6,-61.78,0.826,17.33,27.426,13.8,1.471,12.62,-7.206
SPOT,2019-11-01,146.92,-28.46,0.784,142.55,-2.974,146.63,-0.197,144.84,-1.416
TENB,2019-11-01,24.8,-61.03,0.856,27.15,9.476,27.0,8.871,24.96,0.645
BE,2019-11-08,5.17,-64.73,0.851,5.28,2.128,7.88,52.418,8.3,60.542
CDXS,2019-11-08,15.5,-38.29,0.872,15.53,0.194,15.68,1.161,12.23,-21.097
CLSK,2019-11-08,8.1,-47.33,0.924,7.0,-13.58,4.65,-42.593,1.9,-76.543
TCEHY,2019-11-08,37.0102,-64.21,0.741,37.8516,2.273,42.4302,14.645,48.3285,30.582
INTU,2019-11-15,253.5081,-65.06,0.92,247.4003,-2.409,281.3634,10.988,272.0972,7.333
MELI,2019-11-15,550.1,-57.0,0.977,567.67,3.194,646.02,17.437,775.05,40.893
TTD,2019-11-15,22.915,-46.53,0.977,25.245,10.168,29.133,27.135,30.001,30.923
AOSL,2019-11-29,11.89,-74.72,0.951,13.66,14.886,10.98,-7.653,10.52,-11.522
AQB,2019-11-29,45.3,-73.72,0.798,40.2,-11.258,36.2,-20.088,54.2,19.647
ARCT,2019-11-29,11.17,-61.6,0.928,11.46,2.596,14.93,33.662,38.94,248.612
BKNG,2019-11-29,74.577,-69.69,0.829,81.1772,8.85,75.5441,1.297,64.2128,-13.897
SYK,2019-11-29,190.6246,-71.63,0.979,195.9192,2.778,209.2853,9.789,183.2897,-3.848
PLUR,2019-12-06,30.56,-52.03,0.871,30.48,-0.262,30.0,-1.832,61.76,102.094
BJ,2019-12-13,23.6,-79.01,0.939,22.86,-3.136,23.91,1.314,33.39,41.483
COHR,2019-12-13,31.85,-69.29,0.97,36.0,13.03,29.68,-6.813,46.32,45.432
EVGN,2019-12-13,14.2,-67.35,0.845,18.1,27.465,12.0,-15.493,10.2,-28.169
FATE,2019-12-13,18.79,-18.1,0.917,21.94,16.764,29.46,56.786,30.75,63.651
INOD,2019-12-13,1.25,-64.0,0.813,1.15,-8.0,1.15,-8.0,1.25,0.0
LHX,2019-12-13,176.28,-61.26,0.968,185.2534,5.09,176.0599,-0.125,171.5917,-2.66
MTLS,2019-12-13,18.64,-39.22,0.901,19.02,2.039,14.3,-23.283,25.23,35.354
HD,2019-12-20,188.6274,-61.07,0.977,197.7692,4.847,176.5656,-6.395,213.0109,12.927
CCJ,2020-01-03,8.8854,-68.91,0.933,7.9232,-10.828,6.7942,-23.536,9.936,11.824
HUYA,2020-01-03,7.3146,-70.11,0.961,6.7976,-7.068,6.2691,-14.293,7.4059,1.248
TREE,2020-01-03,305.18,-78.37,0.994,311.2,1.973,192.18,-37.027,295.69,-3.11
GBTC,2020-01-10,8.6721,-58.88,0.919,10.6504,22.812,6.757,-22.083,8.8076,1.562
NTRA,2020-01-10,33.5,-79.19,0.974,35.56,6.149,27.21,-18.776,46.92,40.06
RIOT,2020-01-10,1.41,-63.86,0.773,1.43,1.418,0.9,-36.17,2.33,65.248
ALRM,2020-01-17,46.03,-55.9,0.796,47.66,3.541,42.72,-7.191,70.89,54.008
CDNA,2020-01-17,23.61,-53.4,0.857,26.67,12.961,21.89,-7.285,35.18,49.005
LRN,2020-01-17,20.81,-72.16,0.995,17.16,-17.54,22.3,7.16,46.6,123.931
MCRB,2020-01-17,68.6,-65.49,0.862,70.2,2.332,67.8,-1.166,90.8,32.362
MSTR,2020-01-17,14.674,-62.94,0.761,14.884,1.431,12.542,-14.529,11.834,-19.354
BA,2020-01-24,321.1393,-72.1,0.947,330.38,2.877,154.0,-52.046,173.76,-45.893
INOD,2020-01-24,1.19,-70.97,0.844,1.14,-4.202,1.0,-15.966,1.4,17.647
MARA,2020-01-31,1.04,-79.78,0.967,0.86,-17.308,0.47,-54.808,2.03,95.192
APH,2020-02-07,24.2802,-60.94,0.899,21.7431,-10.449,20.148,-17.019,25.5078,5.056
BKNG,2020-02-07,74.7948,-67.41,0.917,63.1423,-15.579,56.7462,-24.131,68.7195,-8.123
CAT,2020-02-07,117.8333,-79.85,0.871,107.2666,-8.968,98.8626,-16.1,121.198,2.855
DE,2020-02-07,153.3735,-54.64,0.877,150.2502,-2.036,127.2892,-17.007,169.8914,10.77
ESLT,2020-02-07,144.795,-71.86,0.948,132.6341,-8.399,125.0378,-13.645,128.7156,-11.105
GLW,2020-02-07,23.307,-70.95,0.998,21.1335,-9.325,17.549,-24.705,27.3115,17.182
IOVA,2020-02-07,22.96,-71.19,0.964,38.85,69.207,32.0,39.373,29.22,27.265
JBHT,2020-02-07,106.1272,-64.31,0.883,87.9332,-17.144,95.1391,-10.354,128.8378,21.399
ORCL,2020-02-07,49.8994,-46.1,0.929,43.1969,-13.432,47.4518,-4.905,50.8176,1.84
SHW,2020-02-07,179.6634,-56.2,0.928,170.1973,-5.269,165.6167,-7.818,207.094,15.268
URI,2020-02-07,144.1604,-58.34,0.903,111.3525,-22.758,114.8277,-20.347,167.1105,15.92
WFC,2020-02-07,40.7552,-79.89,0.943,31.5972,-22.471,23.5041,-42.329,21.8809,-46.311
WMT,2020-02-07,35.4454,-68.95,0.815,35.6828,0.67,37.5803,6.023,39.9105,12.597
ALGN,2020-02-14,274.95,-50.09,0.729,195.88,-28.758,210.03,-23.612,306.96,11.642
BJ,2020-02-14,21.86,-79.15,0.903,23.78,8.783,27.32,24.977,41.48,89.753
AQB,2020-02-21,36.2,-76.43,0.999,35.0,-3.315,48.4,33.702,59.6,64.641
SNA,2020-02-21,134.9725,-61.9,0.822,84.2113,-37.609,103.6725,-23.19,126.6337,-6.178
INGN,2020-02-28,45.78,-78.48,0.86,50.06,9.349,36.8,-19.616,30.04,-34.382
MCRB,2020-03-06,70.4,-60.18,0.802,60.8,-13.636,109.8,55.966,478.4,579.545
NTDOY,2020-03-06,8.6668,-75.0,0.94,9.4884,9.48,10.0415,15.861,13.9601,61.075
RIOT,2020-03-06,1.27,-78.67,0.863,0.9,-29.134,2.14,68.504,3.11,144.882
NIU,2020-04-10,6.99,-77.36,0.987,8.94,27.897,18.25,161.087,27.05,286.981
PLUR,2020-04-10,55.76,-28.08,0.888,79.12,41.894,71.36,27.977,89.04,59.684
MARA,2020-05-08,0.9,-45.0,0.86,1.0,11.111,2.03,125.556,2.41,167.778
AMBA,2020-08-28,52.01,-54.93,0.929,49.61,-4.614,66.46,27.783,112.49,116.285
CGC,2020-08-28,169.0,-77.0,0.771,141.7,-16.154,237.2,40.355,327.5,93.787
SRPT,2020-08-28,147.46,-72.26,0.833,144.0,-2.346,131.18,-11.04,87.06,-40.96
TEAM,2020-08-28,192.43,-15.57,0.963,181.29,-5.789,208.43,8.315,237.7,23.525
IONS,2020-09-04,55.61,-66.16,0.864,45.65,-17.91,51.13,-8.056,52.78,-5.089
ARGX,2020-09-18,249.74,-38.28,0.996,269.9,8.072,294.51,17.927,305.97,22.515
CME,2020-09-18,133.3816,-53.04,0.966,132.5453,-0.627,142.8966,7.134,163.5909,22.649
SYRS,2020-09-18,100.0,-75.89,0.999,84.0,-16.0,101.5,1.5,91.8,-8.2
PD,2020-09-25,26.5,-75.42,0.942,29.12,9.887,45.21,70.604,38.47,45.17
AAOI,2020-10-02,11.33,-74.2,0.959,8.78,-22.507,8.77,-22.595,8.82,-22.154
ESI,2020-10-02,10.1499,-50.0,0.979,10.834,6.74,16.6268,63.813,17.5033,72.448
INGN,2020-10-02,29.76,-71.36,0.952,29.21,-1.848,43.32,45.565,52.79,77.386
SPCE,2020-10-02,415.4,-52.56,0.914,348.4,-16.129,517.0,24.458,615.0,48.05
ANET,2020-10-09,14.2256,-53.39,0.86,16.4375,15.549,18.1606,27.662,19.7219,38.637
ATEYY,2020-10-09,13.0209,-66.34,0.913,15.286,17.396,18.7221,43.785,24.555,88.581
AVAV,2020-10-09,71.14,-56.91,0.994,76.7,7.816,86.9,22.154,113.18,59.095
CERS,2020-10-09,6.82,-47.66,0.888,5.52,-19.062,6.92,1.466,6.13,-10.117
CGC,2020-10-09,180.7,-27.27,0.691,235.0,30.05,246.4,36.359,289.9,60.432
GWRE,2020-10-09,115.47,-35.52,0.988,107.01,-7.327,128.73,11.483,104.07,-9.873
MTSI,2020-10-09,57.94,-41.51,0.933,63.16,9.009,72.09,24.422,70.53,21.729
SIMO,2020-10-09,36.8291,-51.99,0.958,32.8834,-10.713,42.7233,16.004,61.8786,68.015
SRPT,2020-10-09,143.58,-63.47,0.926,125.66,-12.481,170.49,18.742,70.54,-50.871
SSYS,2020-10-09,14.86,-34.73,0.983,13.98,-5.922,20.72,39.435,23.79,60.094
TRGP,2020-10-09,14.8638,-53.93,0.855,15.1192,1.718,23.5307,58.309,27.7864,86.94
TSEM,2020-10-09,19.9,-63.24,0.955,22.28,11.96,25.82,29.749,30.07,51.106
ENR,2020-10-16,32.744,-78.6,0.858,33.1922,1.369,36.3693,11.072,39.5892,20.905
LYFT,2020-10-23,26.02,-78.5,0.911,38.1,46.426,47.88,84.012,63.7,144.812
ABBV,2020-10-30,68.4096,-65.7,0.892,84.3183,23.255,90.1597,31.794,91.7827,34.166
HUYA,2020-10-30,8.516,-79.11,0.977,8.17,-4.063,9.1357,7.277,6.6987,-21.339
AZO,2020-11-06,1158.53,-68.67,0.911,1162.63,0.354,1118.37,-3.466,1507.2,30.096
BA,2020-11-06,157.74,-66.6,0.86,232.71,47.528,194.19,23.108,235.47,49.277
BJ,2020-11-06,43.29,-42.84,0.932,38.67,-10.672,42.07,-2.818,45.86,5.937
DPZ,2020-11-06,370.3773,-54.96,0.996,354.7601,-4.217,344.1317,-7.086,402.4654,8.664
EHC,2020-11-06,48.5393,-47.89,0.942,59.8057,23.211,60.3928,24.421,64.3361,32.544
EQIX,2020-11-06,708.1332,-37.84,0.987,633.6498,-10.518,661.9449,-6.523,640.9867,-9.482
FN,2020-11-06,66.48,-57.61,0.89,69.76,4.934,78.94,18.742,85.25,28.234
GSAT,2020-11-06,5.1,-58.33,0.799,4.95,-2.941,15.75,208.824,16.5,223.529
HXL,2020-11-06,33.921,-67.62,0.981,53.7187,58.364,41.9188,23.578,52.2689,54.09
ICE,2020-11-06,93.4955,-42.15,0.897,101.4555,8.514,102.7821,9.933,107.2422,14.703
IONS,2020-11-06,48.63,-76.02,0.932,51.22,5.326,60.07,23.525,36.54,-24.861
LHX,2020-11-06,159.7147,-30.75,0.994,174.8418,9.471,153.7486,-3.735,197.6,23.721
MCO,2020-11-06,276.32,-29.04,0.967,272.1507,-1.509,253.6681,-8.198,319.3983,15.59
MRK,2020-11-06,63.9743,-51.46,0.972,65.2321,1.966,61.8396,-3.337,63.4676,-0.792
ORLY,2020-11-06,29.9007,-67.9,0.922,30.0,0.332,28.3647,-5.137,37.488,25.375
SPGI,2020-11-06,318.7604,-41.94,0.963,305.9565,-4.017,285.7216,-10.365,352.974,10.733
TJX,2020-11-06,49.6259,-59.07,0.989,61.301,23.526,58.9181,18.724,68.1358,37.299
C,2020-11-13,40.0971,-40.27,0.844,48.5598,21.106,52.0071,29.703,64.0677,59.781
CME,2020-11-13,130.9436,-37.38,0.917,142.8966,9.128,153.8439,17.489,175.1583,33.766
PCRX,2020-11-13,63.64,-4.94,0.955,58.11,-8.69,74.0,16.279,62.21,-2.247
TMDX,2020-11-13,14.33,-62.1,0.806,15.13,5.583,22.69,58.339,22.24,55.199
TREE,2020-11-13,321.18,-49.26,0.854,273.05,-14.985,342.64,6.682,185.79,-42.154
VSAT,2020-11-13,34.59,-77.07,0.919,34.85,0.752,53.96,55.999,48.6,40.503
DT,2020-11-27,38.42,-69.44,0.929,43.18,12.389,52.88,37.637,51.74,34.669
CSTL,2020-12-04,52.0,-27.72,0.79,67.15,29.135,76.08,46.308,63.3,21.731
SYRS,2020-12-11,101.5,-19.18,0.974,122.4,20.591,79.4,-21.773,59.2,-41.675
AAOI,2020-12-18,8.51,-72.36,0.95,10.79,26.792,8.95,5.17,8.24,-3.173
HD,2020-12-18,236.0769,-63.75,0.828,240.5637,1.901,239.884,1.613,267.1986,13.183
HUYA,2020-12-18,8.0179,-72.61,0.902,8.3487,4.126,10.0177,24.941,6.3794,-20.436
INCY,2020-12-18,88.34,-54.88,0.916,90.56,2.513,79.01,-10.561,83.96,-4.958
IONS,2020-12-18,54.33,-2.53,0.899,61.28,12.792,52.99,-2.466,37.79,-30.444
MCD,2020-12-18,188.1843,-62.86,0.788,183.6608,-2.404,186.93,-0.667,203.2586,8.01
TNDM,2020-12-25,93.9,-76.16,0.974,98.62,5.027,89.7,-4.473,99.36,5.815
VSAT,2020-12-25,33.43,-52.93,0.856,40.75,21.897,52.46,56.925,52.4,56.745
CMS,2021-01-01,51.1361,-65.57,0.773,47.6745,-6.769,51.4604,0.634,50.9441,-0.376
LMT,2021-01-01,303.9087,-76.82,0.795,275.5195,-9.341,314.633,3.529,331.3328,9.024
SPGI,2021-01-01,296.2941,-69.48,0.91,285.7216,-3.568,324.8235,9.629,375.3462,26.68
EQT,2021-01-08,13.5202,-51.09,0.824,15.5966,15.358,17.6544,30.578,20.2151,49.517
MCRB,2021-01-08,552.0,-69.34,0.934,540.8,-2.029,409.0,-25.906,426.0,-22.826
EQIX,2021-01-15,633.1399,-73.29,0.977,634.9738,0.29,617.6364,-2.449,750.0301,18.462
NOC,2021-01-15,274.8729,-56.5,0.826,271.7745,-1.127,312.1996,13.58,334.6115,21.733
CRM,2021-01-22,221.9305,-77.94,0.938,242.3669,9.208,227.9661,2.72,244.0282,9.957
DPZ,2021-01-22,353.0516,-67.03,0.826,344.7815,-2.342,367.4368,4.075,490.0113,38.793
META,2021-01-22,272.1104,-43.36,0.95,259.2831,-4.714,303.5146,11.541,366.571,34.714
MKTX,2021-01-29,504.5352,-62.29,0.965,519.2998,2.926,474.015,-6.049,444.5203,-11.895
AZO,2021-02-05,1220.4301,-36.51,0.837,1220.25,-0.015,1464.12,19.968,1629.85,33.547
CPRT,2021-02-05,29.8475,-47.65,0.779,26.5975,-10.889,31.1275,4.288,36.4975,22.28
ORLY,2021-02-05,29.886,-66.57,0.855,31.0567,3.917,36.8587,23.331,40.23,34.612
UPS,2021-02-05,127.6603,-54.58,0.838,128.4842,0.645,159.3235,24.803,151.2446,18.474
ASND,2021-02-12,160.67,-61.05,0.904,149.25,-7.108,132.9,-17.284,121.0,-24.69
RMD,2021-02-19,191.5749,-69.35,0.814,176.7387,-7.744,186.4633,-2.668,273.0045,42.505
BMY,2021-02-26,49.2223,-74.84,0.881,51.3171,4.256,54.2328,10.179,54.2668,10.248
UNH,2021-02-26,302.1318,-74.82,0.759,343.5996,13.725,375.6798,24.343,383.5869,26.96
VRTX,2021-02-26,212.55,-79.33,0.988,214.64,0.983,213.43,0.414,199.92,-5.942
AMZN,2021-03-05,150.023,-78.4,0.997,158.05,5.351,161.1535,7.419,173.9025,15.917
CMS,2021-03-05,46.7645,-74.61,0.77,51.5364,10.204,53.3505,14.083,55.6208,18.938
DGX,2021-03-05,106.029,-78.45,0.813,116.3478,9.732,118.9188,12.157,141.4058,33.365
ENR,2021-03-05,35.6039,-68.07,0.849,38.553,8.283,36.9368,3.744,32.1477,-9.707
EW,2021-03-05,81.72,-78.37,0.851,83.84,2.594,95.9,17.352,121.07,48.152
KO,2021-03-05,43.1203,-60.7,0.715,44.9516,4.247,47.3314,9.766,48.9301,13.473
SHW,2021-03-05,214.4258,-78.27,0.823,237.7696,10.887,270.458,26.131,293.7928,37.014
AWK,2021-03-12,123.9891,-76.7,0.91,135.1734,9.02,139.9589,12.88,165.8965,33.799
CRM,2021-03-12,208.6011,-78.48,0.954,227.3468,8.986,233.4413,11.908,252.826,21.201
DPZ,2021-03-12,336.0563,-50.09,0.974,363.2676,8.097,401.2276,19.393,476.4146,41.766
HD,2021-03-12,239.884,-27.97,0.851,280.4034,16.891,274.6155,14.478,294.5955,22.807
MRK,2021-03-12,60.3837,-74.53,0.81,61.7678,2.292,62.8664,4.112,62.8421,4.071
REGN,2021-03-12,467.0525,-74.17,0.944,470.7279,0.787,507.1046,8.576,644.4089,37.974
ROP,2021-03-12,373.3102,-71.57,0.92,407.8994,9.266,436.413,16.904,459.1248,22.987
TJX,2021-03-12,61.7267,-42.58,0.732,64.1371,3.905,60.8382,-1.439,64.0651,3.788
WMT,2021-03-12,41.5053,-66.85,0.925,43.4375,4.655,44.2539,6.622,45.6817,10.062
NVS,2021-03-19,71.2692,-70.63,0.816,72.9941,2.42,76.8669,7.854,69.2292,-2.862
CPRT,2021-03-26,26.8575,-79.13,0.926,31.17,16.057,32.035,19.278,36.9525,37.587
INCY,2021-03-26,81.75,-75.99,0.969,85.58,4.685,83.96,2.703,69.0,-15.596
AAPL,2021-04-02,119.588,-76.31,0.984,127.8134,6.878,129.6374,8.403,139.1367,16.347
CDLX,2021-04-02,1192.4,-75.24,0.923,1375.3,15.339,1270.0,6.508,843.6,-29.252
DXCM,2021-04-02,91.375,-67.12,0.936,96.525,5.636,107.59,17.746,137.48,50.457
GMED,2021-04-02,61.85,-72.04,0.734,71.77,16.039,77.46,25.238,79.0,27.728
RPD,2021-04-02,77.35,-75.62,0.976,81.25,5.042,95.73,23.762,113.68,46.968
NFLX,2021-04-30,51.347,-73.19,0.949,50.281,-2.076,51.541,0.378,69.031,34.44
HDB,2021-05-07,33.1574,-78.43,0.925,35.6886,7.634,33.017,-0.423,33.2275,0.211
LLY,2021-05-07,185.3285,-49.85,0.869,192.4344,3.834,231.9462,25.154,253.2411,36.644
PCAR,2021-05-07,52.0401,-55.92,0.925,52.4632,0.813,45.8646,-11.867,49.9479,-4.02
RMD,2021-05-07,185.8424,-52.7,0.922,195.9,5.412,259.3425,39.55,248.9809,33.974
AAON,2021-05-14,44.5412,-68.31,0.873,42.0333,-5.631,43.7644,-1.744,50.4282,13.217
NBIX,2021-05-14,94.6,-77.41,0.989,98.61,4.239,89.57,-5.317,88.0,-6.977
OPCH,2021-05-14,17.29,-76.13,0.792,21.01,21.515,22.07,27.646,26.7,54.425
AAOI,2021-05-21,8.06,-78.94,0.944,8.24,2.233,7.04,-12.655,6.16,-23.573
PCRX,2021-05-21,66.01,-66.46,0.988,59.64,-9.65,58.32,-11.65,55.71,-15.604
WDAY,2021-05-21,231.42,-78.79,0.99,236.49,2.191,236.68,2.273,286.6,23.844
CGNX,2021-05-28,76.7744,-58.76,1.0,79.5982,3.678,82.239,7.118,73.7914,-3.885
DIS,2021-05-28,173.2125,-67.85,0.87,172.9216,-0.168,169.7899,-1.976,143.602,-17.095
KTOS,2021-05-28,25.01,-69.0,0.995,27.61,10.396,21.97,-12.155,20.09,-19.672
VSAT,2021-05-28,53.18,-33.33,0.782,52.4,-1.467,51.34,-3.46,47.18,-11.282
AEHR,2021-06-04,2.73,-35.77,0.975,2.74,0.366,7.52,175.458,15.42,464.835
BABA,2021-06-04,206.1093,-64.58,0.957,204.9142,-0.58,150.0696,-27.189,105.3602,-48.881
GWRE,2021-06-04,104.28,-50.06,0.962,113.1,8.458,118.0,13.157,111.25,6.684
WULF,2021-06-04,9.2668,-55.33,0.891,20.0083,115.914,27.0671,192.087,24.5948,165.408
CERS,2021-06-11,5.94,-51.41,0.992,5.27,-11.279,6.49,9.259,6.53,9.933
PAYC,2021-06-11,330.8966,-63.3,0.948,373.3195,12.821,482.9728,45.959,408.4821,23.447
NFLX,2021-06-18,50.077,-73.85,0.801,53.031,5.899,59.872,19.56,58.673,17.166
C,2021-06-25,59.8751,-66.41,0.733,55.8249,-6.764,58.9817,-1.492,51.1296,-14.606
CAT,2021-06-25,197.4258,-73.76,0.983,192.2639,-2.615,183.2898,-7.16,190.2531,-3.633
CMS,2021-06-25,51.1311,-66.94,0.836,52.7893,3.243,52.7952,3.255,54.784,7.144
EHC,2021-06-25,61.1404,-74.79,0.771,60.1861,-1.561,57.4252,-6.076,48.6703,-20.396
ESLT,2021-06-25,128.4044,-65.4,0.804,120.6699,-6.024,140.8456,9.689,161.5299,25.798
GLW,2021-06-25,35.9452,-70.41,0.993,36.2265,0.782,33.9392,-5.581,32.6946,-9.043
JBHT,2021-06-25,154.432,-75.41,0.927,159.4368,3.241,161.1264,4.335,188.6429,22.153
JPM,2021-06-25,135.1559,-64.53,0.775,132.9257,-1.65,139.1378,2.946,139.6034,3.291
LAD,2021-06-25,329.7163,-68.96,0.994,366.3686,11.116,325.5146,-1.274,279.413,-15.257
LNN,2021-06-25,152.0911,-66.77,0.924,149.9547,-1.405,146.4806,-3.689,144.1199,-5.241
MKTX,2021-06-25,437.7753,-67.79,0.965,444.539,1.545,399.0706,-8.841,385.3321,-11.979
MU,2021-06-25,79.9905,-70.26,0.984,74.0519,-7.424,72.4527,-9.423,92.2012,15.265
PCAR,2021-06-25,49.1749,-75.09,0.954,48.4012,-1.573,45.2583,-7.965,48.1441,-2.096
SITE,2021-06-25,168.06,-76.54,0.966,177.94,5.879,199.6,18.767,230.44,37.118
SNA,2021-06-25,193.469,-78.76,0.901,195.8849,1.249,187.3454,-3.165,185.3449,-4.199
TJX,2021-06-25,62.5899,-61.17,0.783,63.1924,0.963,65.4977,4.646,68.8608,10.019
URI,2021-06-25,301.288,-60.32,0.991,311.9641,3.543,328.7146,9.103,319.3477,5.994
VMI,2021-06-25,226.3116,-62.32,0.972,223.6066,-1.195,230.3692,1.793,235.7987,4.192
VRSK,2021-06-25,168.8848,-66.69,0.859,182.1191,7.836,194.6814,15.275,218.6086,29.442
VRTX,2021-06-25,194.34,-75.94,0.871,200.5,3.17,188.3,-3.108,223.45,14.979
AAON,2021-07-02,41.0897,-78.93,0.911,40.4454,-1.568,43.5236,5.923,51.8163,26.105
ECL,2021-07-02,199.4035,-74.13,0.766,208.8912,4.758,212.1231,6.379,222.8699,11.768
SLP,2021-07-02,54.3257,-71.69,0.991,46.3915,-14.605,38.0649,-29.932,46.5734,-14.27
BABA,2021-07-16,199.5972,-70.82,0.963,177.5013,-11.07,151.9988,-23.847,123.8143,-37.968
FISV,2021-07-16,111.2,-76.93,0.698,111.62,0.378,107.89,-2.977,109.11,-1.879
AON,2021-07-23,223.8432,-75.41,0.894,269.5123,20.402,298.3863,33.301,257.4282,15.004
ARCT,2021-07-23,31.22,-61.11,0.934,47.9,53.427,45.56,45.932,24.59,-21.236
ATEYY,2021-07-23,21.191,-78.63,0.991,20.2213,-4.576,19.9205,-5.996,20.8354,-1.678
BA,2021-07-23,221.52,-68.81,0.772,212.67,-3.995,217.04,-2.022,205.44,-7.259
BKNG,2021-07-23,86.2702,-67.78,0.827,81.2634,-5.804,99.4217,15.245,91.8826,6.506
CW,2021-07-23,114.7475,-74.82,0.752,115.5532,0.702,129.3576,12.732,135.1996,17.824
DKNG,2021-07-23,49.33,-57.92,0.99,52.01,5.433,48.08,-2.534,19.46,-60.551
HLT,2021-07-23,123.5369,-41.3,0.797,120.0949,-2.786,142.532,15.376,140.3031,13.572
KLAC,2021-07-23,30.456,-33.75,0.977,30.4784,0.074,31.3481,2.929,35.6232,16.966
MAR,2021-07-23,133.4314,-53.61,0.752,125.733,-5.77,153.4298,14.988,150.5058,12.796
PCRX,2021-07-23,58.7,-66.53,0.974,56.41,-3.901,53.2,-9.37,63.43,8.058
SIMO,2021-07-23,55.6041,-78.92,0.93,62.9745,13.255,60.9652,9.642,78.5714,41.305
UBER,2021-07-23,47.46,-74.84,0.973,39.95,-15.824,48.36,1.896,35.94,-24.273
WDAY,2021-07-23,240.4,-49.43,0.84,235.95,-1.851,270.99,12.725,245.69,2.201
WSC,2021-07-23,27.9597,-45.57,0.858,26.515,-5.167,32.2544,15.36,35.409,26.643
CERS,2021-07-30,5.04,-78.24,0.976,6.34,25.794,6.24,23.81,5.03,-0.198
ENR,2021-07-30,34.3776,-74.8,0.758,31.6142,-8.038,29.9248,-12.953,30.6305,-10.9
AQB,2021-08-06,99.2,-78.11,0.979,91.6,-7.661,79.8,-19.556,32.2,-67.54
SNA,2021-08-06,195.7541,-73.16,0.903,199.0106,1.664,178.25,-8.942,188.6644,-3.622
SRPT,2021-08-06,79.8,-41.3,0.816,80.51,0.89,79.13,-0.84,73.11,-8.383
CAT,2021-08-13,200.559,-58.09,0.998,188.1164,-6.204,189.9578,-5.286,186.5776,-6.971
NBIX,2021-08-13,89.12,-77.04,0.867,96.74,8.55,93.21,4.589,85.53,-4.028
PW,2021-08-13,423.5,-39.85,0.776,445.0,5.077,511.6,20.803,625.2,47.627
XENE,2021-08-13,18.45,-40.13,0.828,17.45,-5.42,35.4,91.87,30.56,65.637
UPS,2021-08-20,152.549,-79.18,0.946,150.0149,-1.661,168.2981,10.324,167.2979,9.668
AAOI,2021-08-27,7.3,-68.18,0.839,7.24,-0.822,6.16,-15.616,3.45,-52.74
AMZN,2021-08-27,167.4815,-70.47,0.843,171.276,2.266,183.8285,9.76,153.7885,-8.176
BE,2021-08-27,21.42,-78.62,0.913,19.02,-11.204,29.95,39.823,20.32,-5.135
CGEN,2021-08-27,6.72,-72.09,0.939,6.22,-7.44,4.71,-29.911,3.02,-55.06
CLLS,2021-08-27,14.27,-48.6,0.941,13.41,-6.027,8.91,-37.561,4.4,-69.166
CRSP,2021-08-27,123.81,-76.48,0.989,116.43,-5.961,82.44,-33.414,59.73,-51.757
FOUR,2021-08-27,87.51,-60.72,0.938,86.82,-0.788,58.28,-33.402,52.32,-40.213
GSAT,2021-08-27,21.45,-68.18,0.985,25.2,17.483,23.25,8.392,17.85,-16.783
GTES,2021-08-27,16.94,-65.36,0.925,16.52,-2.479,16.26,-4.014,15.76,-6.966
INCY,2021-08-27,75.68,-76.94,0.804,69.0,-8.827,64.51,-14.76,68.42,-9.593
INSM,2021-08-27,26.88,-44.16,0.967,27.01,0.484,30.46,13.318,23.39,-12.984
PCAR,2021-08-27,45.6468,-79.18,0.908,44.6923,-2.091,48.1154,5.408,52.1629,14.275
PSNL,2021-08-27,20.59,-66.05,0.954,19.64,-4.614,14.95,-27.392,10.28,-50.073
SPOT,2021-08-27,226.02,-69.13,0.924,230.2,1.849,259.55,14.835,151.91,-32.789
SYRS,2021-08-27,51.8,-61.06,0.847,47.7,-7.915,38.8,-25.097,12.8,-75.29
TDOC,2021-08-27,142.83,-76.67,0.902,134.9,-5.552,116.99,-18.091,70.74,-50.473
TSM,2021-08-27,109.224,-40.28,0.948,107.0347,-2.004,115.0133,5.3,103.3787,-5.352
EHC,2021-09-03,60.7004,-60.1,0.828,56.0874,-7.6,46.4459,-23.483,51.6528,-14.905
EVGN,2021-09-03,32.4,-51.81,0.911,26.1,-19.444,20.3,-37.346,11.8,-63.58
PLUR,2021-09-03,25.36,-79.31,0.834,20.32,-19.874,21.52,-15.142,16.4,-35.331
PRLB,2021-09-03,76.37,-70.45,0.975,66.77,-12.57,50.74,-33.56,51.41,-32.683
SDGR,2021-09-03,65.25,-54.92,0.872,53.99,-17.257,39.54,-39.402,32.28,-50.529
ANET,2021-09-17,22.4456,-66.09,0.815,24.3612,8.535,32.6725,45.563,32.8125,46.187
CW,2021-09-17,121.1835,-29.48,0.791,129.3576,6.745,131.8692,8.818,152.1181,25.527
HEI,2021-09-17,126.5974,-79.92,0.793,139.3019,10.035,143.938,13.697,148.3961,17.219
PCRX,2021-09-17,55.94,-78.74,0.906,53.2,-4.898,56.92,1.752,72.92,30.354
BA,2021-09-24,221.39,-65.07,0.765,212.97,-3.803,192.63,-12.991,188.95,-14.653
CME,2021-09-24,161.25,-61.8,0.805,177.4883,10.07,183.7632,13.962,206.3598,27.975
COHR,2021-09-24,61.48,-78.66,0.958,58.64,-4.619,68.16,10.865,73.43,19.437
DRS,2021-09-24,10.472,-77.97,0.97,10.2062,-2.538,8.6118,-17.763,16.1705,54.417
ENR,2021-09-24,31.1373,-77.63,0.79,29.9248,-3.894,30.7772,-1.157,24.9962,-19.723
ESI,2021-09-24,20.6236,-56.72,0.952,21.3812,3.673,21.6129,4.797,21.0333,1.987
FISV,2021-09-24,109.74,-70.38,0.881,110.18,0.401,103.65,-5.549,100.51,-8.411
GLW,2021-09-24,33.9392,-75.67,0.89,33.7977,-0.417,32.6412,-3.824,34.3649,1.254
LMT,2021-09-24,305.7618,-69.69,0.765,327.702,7.176,303.5462,-0.725,402.9025,31.77
MA,2021-09-24,347.7217,-62.22,0.856,348.6568,0.269,339.5581,-2.348,339.7214,-2.301
MRK,2021-09-24,63.5434,-64.38,0.864,70.0523,10.243,65.9589,3.801,71.513,12.542
NOC,2021-09-24,329.4645,-62.61,0.725,376.2491,14.2,351.1451,6.581,427.9365,29.889
SNA,2021-09-24,188.2137,-65.46,0.95,184.565,-1.939,184.824,-1.801,185.5791,-1.4
UBER,2021-09-24,46.63,-40.13,0.933,45.51,-2.402,39.68,-14.905,34.06,-26.957
UNP,2021-09-24,182.9238,-74.59,0.827,213.2525,16.58,218.8701,19.651,247.7556,35.442
V,2021-09-24,222.9807,-57.57,0.855,222.634,-0.155,204.3625,-8.35,211.0228,-5.363
ABBV,2021-10-01,90.8,-77.9,0.917,96.6016,6.389,112.1191,23.479,138.4688,52.499
CLSK,2021-10-01,12.53,-72.16,0.94,20.26,61.692,11.91,-4.948,12.74,1.676
LNN,2021-10-01,147.1625,-73.73,0.97,137.966,-6.249,144.1199,-2.067,145.2642,-1.29
ADBE,2021-10-08,576.86,-79.69,0.834,662.72,14.884,567.06,-1.699,445.34,-22.799
API,2021-10-08,27.68,-78.64,0.976,22.01,-20.484,16.21,-41.438,8.92,-67.775
BE,2021-10-08,19.15,-76.46,0.89,32.0,67.102,21.93,14.517,22.55,17.755
CGEN,2021-10-08,6.41,-73.03,0.806,6.72,4.836,4.3,-32.917,2.89,-54.914
DOCU,2021-10-08,263.03,-71.05,0.801,267.49,1.696,152.31,-42.094,101.95,-61.24
ILMN,2021-10-08,398.8327,-78.64,0.934,397.0233,-0.454,370.0778,-7.21,352.8015,-11.541
IONS,2021-10-08,34.09,-78.05,0.97,33.69,-1.173,30.43,-10.736,40.12,17.688
KO,2021-10-08,47.0312,-63.63,0.755,49.395,5.026,51.8536,10.254,56.3275,19.766
PCAR,2021-10-08,47.0398,-40.32,0.907,49.9479,6.182,50.0201,6.336,47.2373,0.42
ROP,2021-10-08,438.0086,-78.66,0.74,469.7347,7.243,477.0674,8.917,468.8844,7.049
SHOP,2021-10-08,137.803,-74.7,0.839,152.806,10.887,137.739,-0.046,60.318,-56.229
TDOC,2021-10-08,131.55,-75.61,0.835,146.24,11.167,91.82,-30.201,66.06,-49.783
TTD,2021-10-08,71.0,-76.99,0.978,68.55,-3.451,91.64,29.07,67.79,-4.521
WMT,2021-10-08,43.731,-72.28,0.916,47.0407,7.568,45.4884,4.019,49.6788,13.601
XENE,2021-10-08,32.85,-4.56,0.773,35.4,7.763,31.24,-4.901,34.7,5.632
AAOI,2021-10-15,7.22,-51.46,0.763,6.08,-15.789,4.69,-35.042,3.03,-58.033
ADSK,2021-10-15,291.19,-72.58,0.906,329.32,13.095,262.32,-9.914,196.73,-32.439
AMZN,2021-10-15,170.451,-60.95,0.831,176.2575,3.407,162.554,-4.633,151.7065,-10.997
AVAV,2021-10-15,90.09,-70.53,0.898,91.59,1.665,62.53,-30.592,109.18,21.19
BEAM,2021-10-15,93.14,-65.81,0.885,92.11,-1.106,70.36,-24.458,46.4,-50.183
BLK,2021-10-15,807.7538,-35.37,0.977,864.9392,7.08,798.0718,-1.199,619.6177,-23.291
CDNA,2021-10-15,71.0,-59.15,0.989,47.68,-32.845,39.07,-44.972,35.41,-50.127
CGNX,2021-10-15,81.6874,-54.79,0.942,80.3422,-1.647,69.2297,-15.25,68.0745,-16.665
EQIX,2021-10-15,707.3221,-73.94,0.937,701.891,-0.768,704.0162,-0.467,670.8344,-5.159
EVGN,2021-10-15,26.8,-78.95,0.866,25.7,-4.104,16.1,-39.925,11.9,-55.597
GGG,2021-10-15,66.6568,-79.71,0.924,73.8991,10.865,72.4694,8.72,61.7038,-7.431
IRDM,2021-10-15,36.7397,-74.09,0.996,39.362,7.137,38.2288,4.053,37.9385,3.263
MELI,2021-10-15,1563.09,-78.62,0.992,1597.15,2.179,1085.36,-30.563,1060.34,-32.164
MTLS,2021-10-15,20.73,-65.69,0.789,25.36,22.335,22.06,6.416,18.36,-11.433
OKTA,2021-10-15,255.02,-40.34,0.841,261.5,2.541,196.67,-22.881,143.57,-43.702
PHR,2021-10-15,63.66,-61.98,0.912,72.9,14.515,35.82,-43.732,27.63,-56.598
PRLB,2021-10-15,70.82,-75.82,0.847,59.26,-16.323,52.17,-26.334,47.33,-33.169
PTC,2021-10-15,123.5,-77.35,0.967,121.83,-1.352,115.08,-6.818,98.71,-20.073
PYPL,2021-10-15,266.0459,-71.38,0.842,206.5115,-22.377,185.9893,-30.091,101.4316,-61.874
RIOT,2021-10-15,27.85,-76.76,0.935,44.19,58.671,20.36,-26.894,14.97,-46.248
RNG,2021-10-15,234.1041,-69.27,0.997,274.766,17.369,171.4303,-26.772,106.0511,-54.699
SDGR,2021-10-15,55.36,-79.1,0.906,47.11,-14.902,31.93,-42.323,29.82,-46.134
TER,2021-10-15,111.8111,-66.01,0.986,143.4836,28.327,155.4441,39.024,104.2232,-6.786
TREE,2021-10-15,154.14,-72.28,0.93,147.19,-4.509,130.21,-15.525,104.17,-32.419
TSM,2021-10-15,106.3128,-57.72,0.89,109.8577,3.334,114.7826,7.967,91.8581,-13.596
TWLO,2021-10-15,353.31,-55.78,0.866,304.16,-13.911,230.2,-34.845,137.09,-61.198
UPS,2021-10-15,152.9516,-54.41,0.944,168.2981,10.034,173.0724,13.155,150.2453,-1.769
VEEV,2021-10-15,309.44,-50.68,0.758,317.67,2.66,231.47,-25.197,191.46,-38.127
Z,2021-10-15,94.97,-66.4,0.874,63.95,-32.663,56.68,-40.318,48.41,-49.026
GMED,2021-10-22,79.92,-43.54,0.862,67.63,-15.378,73.45,-8.096,68.53,-14.252
HALO,2021-10-22,38.87,-75.39,0.985,35.53,-8.593,35.56,-8.516,43.53,11.989
JNJ,2021-10-22,142.3836,-70.45,0.88,141.6617,-0.507,146.9227,3.188,159.9354,12.327
NVS,2021-10-22,70.4233,-72.39,0.869,67.7198,-3.839,75.0922,6.63,77.0783,9.45
PINS,2021-10-22,58.06,-68.7,0.959,44.76,-22.907,32.83,-43.455,19.59,-66.259
PLUR,2021-10-22,21.92,-76.74,0.779,21.04,-4.015,15.44,-29.562,14.0,-36.131
REGN,2021-10-22,567.0094,-77.5,0.913,646.5785,14.033,609.4883,7.492,681.6474,20.218
SLP,2021-10-22,38.7652,-79.46,0.939,55.8783,44.145,46.6719,20.396,47.7975,23.3
VERX,2021-10-22,19.58,-62.62,0.83,20.19,3.115,14.01,-28.447,14.49,-25.996
VRTX,2021-10-22,183.52,-74.89,0.784,182.88,-0.349,234.06,27.539,270.42,47.352
ARGX,2021-10-29,301.96,-66.64,0.889,276.1,-8.564,279.25,-7.521,287.32,-4.848
DPZ,2021-10-29,456.8319,-60.07,0.914,495.053,8.367,406.9435,-10.921,317.2411,-30.556
META,2021-10-29,320.7533,-79.72,0.921,330.2201,2.951,300.5309,-6.305,198.7249,-38.044
PACB,2021-10-29,26.48,-76.02,0.855,23.32,-11.934,10.05,-62.047,6.34,-76.057
TJX,2021-10-29,60.9209,-79.39,0.877,64.7618,6.305,62.9878,3.393,57.4295,-5.731
BA,2021-11-05,224.46,-45.66,0.77,198.49,-11.57,190.57,-15.098,148.9,-33.663
BMY,2021-11-05,48.8356,-74.46,0.874,46.2644,-5.265,53.788,10.141,64.0018,31.056
DIS,2021-11-05,170.2844,-61.5,0.884,141.7695,-16.745,134.4106,-21.067,106.9331,-37.203
DRS,2021-11-05,10.3932,-78.98,0.862,8.8087,-15.246,9.2023,-11.458,14.5368,39.868
ENR,2021-11-05,31.1535,-63.84,0.754,31.3067,0.492,30.6305,-1.679,24.6347,-20.925
INCY,2021-11-05,67.86,-67.65,0.957,65.78,-3.065,74.23,9.387,75.2,10.816
MU,2021-11-05,71.2064,-58.1,0.925,79.702,11.931,77.4897,8.824,68.864,-3.29
SYRS,2021-11-05,45.6,-65.85,0.708,35.5,-22.149,19.3,-57.675,10.1,-77.851
TMDX,2021-11-05,31.49,-39.34,0.875,21.65,-31.248,14.43,-54.176,27.59,-12.385
C,2021-11-12,58.7299,-57.43,0.869,51.5542,-12.218,56.5563,-3.701,41.194,-29.859
CGC,2021-11-12,152.7,-53.63,0.975,95.6,-37.394,78.5,-48.592,59.2,-61.231
DGX,2021-11-12,136.6981,-47.28,0.898,145.866,6.707,122.6972,-10.242,125.4544,-8.225
NTDOY,2021-11-12,10.9342,-77.69,0.955,11.7321,7.298,12.4471,13.837,10.9757,0.379
HDB,2021-11-19,33.6767,-72.65,0.883,29.6577,-11.934,31.1455,-7.516,25.459,-24.402
ARCT,2021-11-26,39.89,-75.42,0.658,39.94,0.125,22.53,-43.52,20.88,-47.656
IRDM,2021-12-03,36.4494,-79.54,0.897,38.6689,6.089,36.6367,0.514,35.1757,-3.494
BIDU,2021-12-10,149.34,-65.91,0.928,153.33,2.672,147.26,-1.393,142.87,-4.332
DXCM,2021-12-10,141.625,-62.4,0.981,117.8725,-16.771,108.015,-23.732,73.4625,-48.129
FSLY,2021-12-10,40.44,-72.52,0.898,33.01,-18.373,15.39,-61.944,11.52,-71.513
ILMN,2021-12-10,364.3191,-74.01,0.981,360.2724,-1.111,314.7568,-13.604,198.6284,-45.48
IOVA,2021-12-10,18.47,-78.95,0.978,16.28,-11.857,12.97,-29.778,8.3,-55.062
JNJ,2021-12-10,144.8656,-46.57,0.937,152.2712,5.112,149.3107,3.068,152.9922,5.61
LHX,2021-12-10,198.0843,-74.8,0.983,200.7979,1.37,243.8411,23.1,221.6696,11.907
MKTX,2021-12-10,362.034,-66.19,0.926,355.3721,-1.84,346.2589,-4.357,258.1692,-28.689
RMD,2021-12-10,250.1726,-78.3,0.969,227.0581,-9.239,244.1086,-2.424,200.3488,-19.916
SRPT,2021-12-10,85.49,-61.91,0.704,85.5,0.012,79.36,-7.17,69.15,-19.113
TDY,2021-12-10,435.37,-53.38,0.859,422.01,-3.069,450.03,3.367,380.58,-12.585
VCYT,2021-12-10,39.22,-74.85,0.958,33.58,-14.38,24.76,-36.869,16.33,-58.363
VERX,2021-12-10,18.2,-71.08,0.824,15.79,-13.242,13.32,-26.813,10.64,-41.538
BEAM,2021-12-17,84.58,-56.34,0.853,67.82,-19.816,60.91,-27.985,35.77,-57.709
CRSP,2021-12-17,82.73,-72.97,0.977,67.77,-18.083,61.42,-25.758,70.0,-15.387
INSM,2021-12-17,27.49,-77.57,0.913,23.73,-13.678,22.14,-19.462,18.58,-32.412
NBIX,2021-12-17,86.63,-72.0,0.956,78.36,-9.546,89.29,3.071,93.28,7.676
NVS,2021-12-17,71.236,-10.01,0.903,75.0922,5.413,71.1685,-0.095,70.0366,-1.684
PSNL,2021-12-17,14.62,-73.73,0.939,12.25,-16.211,8.37,-42.75,3.27,-77.633
SPOT,2021-12-17,235.28,-78.48,0.918,218.56,-7.106,124.29,-47.174,99.27,-57.808
BA,2021-12-24,204.22,-61.05,0.972,205.44,0.597,192.83,-5.577,141.53,-30.697
DRS,2021-12-24,9.3008,-61.3,0.969,9.1827,-1.27,13.2179,42.116,11.0527,18.836
GBTC,2021-12-24,35.3523,-69.35,0.885,23.1165,-34.611,25.9259,-26.664,12.5113,-64.61
KTOS,2021-12-24,19.84,-79.13,0.899,16.97,-14.466,20.01,0.857,14.21,-28.377
LRN,2021-12-24,33.62,-62.4,0.86,26.86,-20.107,34.51,2.647,36.99,10.024
NFLX,2021-12-24,61.409,-65.38,0.937,39.75,-35.27,38.06,-38.022,19.085,-68.921
PAYC,2021-12-24,412.4821,-79.6,0.98,301.6997,-26.857,349.4074,-15.292,298.3228,-27.676
CGNX,2021-12-31,75.312,-79.75,0.99,61.8399,-17.888,72.5243,-3.702,42.1995,-43.967
HDB,2021-12-31,30.4438,-78.22,0.968,30.6262,0.599,28.2027,-7.361,26.2682,-13.716
LAD,2021-12-31,287.0695,-75.07,0.953,276.7545,-3.593,311.3039,8.442,271.2231,-5.52
C,2022-01-07,55.8596,-47.5,0.969,56.5563,1.247,44.788,-19.82,40.4849,-27.524
PLUR,2022-01-14,15.44,-68.85,0.925,13.6,-11.917,16.8,8.808,8.24,-46.632
SRPT,2022-01-28,69.69,-73.97,0.99,76.03,9.097,76.4,9.628,92.95,33.376
COHR,2022-02-04,62.08,-71.55,0.905,65.31,5.203,61.21,-1.401,52.99,-14.642
IOVA,2022-02-04,15.87,-79.84,0.955,12.97,-18.273,15.15,-4.537,12.18,-23.251
MTLS,2022-02-04,20.11,-70.92,0.657,17.56,-12.68,15.6,-22.427,13.75,-31.626
TREE,2022-02-04,125.2,-66.16,0.974,97.98,-21.741,79.42,-36.565,43.21,-65.487
INSM,2022-02-11,23.34,-75.62,0.994,22.14,-5.141,20.59,-11.782,27.26,16.795
KTOS,2022-02-11,17.09,-79.94,0.926,18.72,9.538,14.01,-18.022,15.58,-8.836
LAD,2022-02-11,304.6735,-32.94,0.92,309.8426,1.697,287.2741,-5.711,258.7071,-15.087
PRLB,2022-02-11,56.34,-42.51,0.703,50.9,-9.656,45.93,-18.477,46.43,-17.59
SSYS,2022-02-11,25.34,-68.89,0.759,23.18,-8.524,19.57,-22.77,19.56,-22.81
ASTS,2022-02-18,6.67,-77.98,0.952,10.04,50.525,7.67,14.993,12.29,84.258
CERS,2022-02-18,5.33,-75.46,0.981,5.65,6.004,5.28,-0.938,4.7,-11.82
GTES,2022-02-18,15.41,-66.67,0.995,16.24,5.386,12.4,-19.533,12.03,-21.934
AVAV,2022-02-25,62.27,-73.15,0.999,99.32,59.499,84.54,35.764,97.12,55.966
GSAT,2022-02-25,17.85,-58.57,0.789,22.05,23.529,18.3,2.521,29.85,67.227
HIMS,2022-02-25,5.3,-63.06,0.94,5.17,-2.453,3.51,-33.774,6.02,13.585
PLUR,2022-02-25,13.68,-75.18,0.925,16.64,21.637,12.0,-12.281,7.68,-43.86
SLP,2022-03-04,40.3734,-66.66,0.927,51.0436,26.429,48.1332,19.22,56.5413,40.046
ARRY,2022-03-11,10.62,-75.49,0.962,9.28,-12.618,11.5,8.286,20.88,96.61
VERX,2022-03-11,13.78,-76.64,0.838,15.69,13.861,11.27,-18.215,15.1,9.579
AI,2022-03-18,21.96,-71.2,0.931,19.69,-10.337,17.89,-18.534,14.03,-36.111
AQB,2022-03-18,38.4,-46.43,0.974,33.8,-11.979,33.2,-13.542,20.2,-47.396
ARCT,2022-03-18,25.57,-72.85,0.945,26.51,3.676,15.07,-41.064,15.57,-39.108
INOD,2022-03-18,7.64,-6.97,0.96,7.16,-6.283,5.0,-34.555,3.16,-58.639
IOVA,2022-03-18,16.08,-53.68,0.947,17.62,9.577,8.3,-48.383,10.84,-32.587
MCRB,2022-03-18,150.6,-60.03,0.733,121.6,-19.256,64.8,-56.972,139.4,-7.437
MTLS,2022-03-18,20.86,-57.49,0.652,18.36,-11.985,13.4,-35.762,11.57,-44.535
QS,2022-03-18,17.07,-67.54,0.804,18.21,6.678,10.15,-40.539,11.31,-33.743
RIOT,2022-03-18,19.53,-52.27,0.904,14.97,-23.349,5.17,-73.528,6.645,-65.975
EVGN,2022-04-15,11.9,-73.91,0.973,8.9,-25.21,7.4,-37.815,7.1,-40.336
LAD,2022-05-06,287.2741,-71.41,0.994,288.7083,0.499,257.1207,-10.496,193.2392,-32.734
PRLB,2022-05-06,45.93,-78.36,0.793,48.75,6.14,48.89,6.445,24.62,-46.397
MTLS,2022-05-13,15.41,-78.18,0.9,13.4,-13.043,13.75,-10.772,10.26,-33.42
PLUR,2022-05-20,12.0,-78.89,0.991,9.68,-19.333,8.48,-29.333,6.0,-50.0
AQB,2022-05-27,29.8,-70.97,0.998,32.4,8.725,26.4,-11.409,14.4,-51.678
QS,2022-05-27,13.31,-72.89,0.959,9.77,-26.597,11.36,-14.651,7.03,-47.183
API,2022-06-24,7.28,-71.27,0.909,5.12,-29.67,4.01,-44.918,4.02,-44.78
INGN,2022-06-24,26.16,-72.26,0.913,27.17,3.861,26.96,3.058,19.92,-23.853
MASS,2022-06-24,19.08,-26.41,0.832,21.06,10.377,16.78,-12.055,7.31,-61.688
MTLS,2022-06-24,14.61,-76.05,0.877,14.2,-2.806,11.57,-20.808,8.65,-40.794
SPCE,2022-06-24,131.4,-76.6,0.883,146.4,11.416,106.2,-19.178,73.0,-44.444
SSYS,2022-06-24,19.68,-67.57,0.924,19.74,0.305,15.67,-20.376,11.45,-41.819
MCRB,2022-07-01,72.6,-78.14,0.91,82.2,13.223,117.8,62.259,112.0,54.27
CGEN,2022-07-08,2.32,-58.6,0.915,1.46,-37.069,0.66,-71.552,0.87,-62.5
PLUR,2022-07-08,10.64,-76.11,0.987,8.96,-15.789,6.24,-41.353,8.32,-21.805
EVGN,2022-07-15,8.1,-78.69,0.95,11.3,39.506,7.4,-8.642,7.5,-7.407
NTDOY,2022-07-15,11.0981,-66.92,0.959,10.6537,-4.004,10.1422,-8.613,10.3199,-7.012
OSCR,2022-07-22,5.1,-76.55,0.901,7.21,41.373,3.52,-30.98,3.1,-39.216
QS,2022-07-22,11.04,-71.92,0.939,11.36,2.899,7.72,-30.072,7.73,-29.982
ASTS,2022-07-29,7.03,-63.19,0.891,11.87,68.848,6.36,-9.531,5.35,-23.898
CLLS,2022-08-05,3.46,-32.95,0.861,3.39,-2.023,2.56,-26.012,2.51,-27.457
GENI,2022-08-05,3.76,-20.41,0.755,4.38,16.489,4.88,29.787,5.46,45.213
PSNL,2022-08-05,4.96,-37.33,0.977,3.2,-35.484,2.67,-46.169,3.9,-21.371
HUYA,2022-08-12,1.3116,-79.08,0.881,1.1405,-13.043,0.8136,-37.97,1.9541,48.987
NIU,2022-08-12,7.3,-65.16,0.982,5.39,-26.164,3.13,-57.123,4.66,-36.164
PLUR,2022-08-19,9.12,-72.22,0.99,6.24,-31.579,6.48,-28.947,8.8,-3.509
API,2022-09-09,4.51,-79.43,0.955,3.41,-24.39,3.15,-30.155,2.95,-34.59
CLSK,2022-09-09,4.81,-65.7,0.935,3.02,-37.214,2.28,-52.599,2.08,-56.757
DNA,2022-09-09,117.6,-73.64,0.996,123.6,5.102,79.6,-32.313,49.6,-57.823
DT,2022-09-09,40.73,-40.2,0.934,36.42,-10.582,39.06,-4.1,38.33,-5.892
LSPD,2022-09-09,20.11,-73.57,0.874,17.87,-11.139,17.24,-14.272,14.06,-30.085
MTLS,2022-09-09,12.67,-62.16,0.874,10.5,-17.127,9.51,-24.941,8.12,-35.912
SIMO,2022-09-09,68.3112,-79.24,0.967,59.4698,-12.943,58.7307,-14.025,58.5366,-14.309
TASK,2022-09-09,12.3761,-54.42,0.938,11.5875,-6.372,13.8034,11.533,10.8185,-12.585
TSEM,2022-09-09,45.9,-77.22,0.603,44.8,-2.397,44.76,-2.484,41.03,-10.61
NTDOY,2022-09-16,10.5333,-48.78,0.981,10.1126,-3.994,10.2607,-2.588,9.4805,-9.995
ESTC,2022-09-30,71.74,-77.53,0.99,64.07,-10.691,51.44,-28.297,57.9,-19.292
INGN,2022-09-30,24.28,-79.45,0.906,22.59,-6.96,19.92,-17.957,12.48,-48.6
OSCR,2022-09-30,4.99,-78.83,0.808,3.69,-26.052,2.21,-55.711,6.54,31.062
PLTR,2022-09-30,8.13,-77.73,0.974,8.64,6.273,6.29,-22.632,8.45,3.936
ARCT,2022-10-07,15.39,-76.25,0.911,23.38,51.917,16.96,10.201,26.12,69.721
CRWD,2022-10-07,42.97,-69.55,0.969,31.89,-25.785,26.3225,-38.742,31.955,-25.634
HXL,2022-10-07,51.6615,-76.47,0.984,53.6112,3.774,56.8985,10.137,63.5774,23.065
PACB,2022-10-07,6.11,-78.47,0.985,8.25,35.025,8.18,33.879,10.96,79.378
TWLO,2022-10-07,76.84,-63.5,0.938,42.74,-44.378,48.96,-36.283,60.76,-20.927
ARGX,2022-10-14,351.43,-77.04,0.912,363.07,3.312,375.81,6.937,382.99,8.98
DGX,2022-10-14,117.1919,-71.51,0.985,140.3496,19.761,144.6336,23.416,133.5285,13.94
ALGM,2022-10-21,21.88,-70.5,0.989,29.51,34.872,33.74,54.205,41.66,90.402
ALRM,2022-10-21,64.45,-71.77,0.961,50.0,-22.42,52.53,-18.495,48.25,-25.136
BILL,2022-10-21,128.38,-76.14,0.996,113.31,-11.739,103.31,-19.528,79.41,-38.145
DOCN,2022-10-21,36.48,-77.47,0.934,28.27,-22.505,27.69,-24.095,34.59,-5.181
EVGN,2022-10-21,8.1,-73.13,0.956,7.2,-11.111,7.5,-7.407,6.0,-25.926
FLYW,2022-10-21,21.48,-73.71,0.891,20.99,-2.281,26.37,22.765,29.77,38.594
INCY,2022-10-21,70.58,-72.9,0.93,77.45,9.734,80.83,14.523,74.59,5.681
LSPD,2022-10-21,18.05,-74.54,0.785,15.06,-16.565,15.96,-11.579,13.54,-24.986
MKTX,2022-10-21,229.6678,-58.95,0.981,246.2226,7.208,311.8372,35.777,310.5697,35.226
MSTR,2022-10-21,23.262,-72.47,0.934,17.012,-26.868,21.697,-6.728,29.102,25.105
NET,2022-10-21,54.38,-74.45,0.96,47.01,-13.553,43.93,-19.217,62.8,15.484
ONDS,2022-10-21,3.84,-74.95,0.933,2.87,-25.26,1.88,-51.042,0.879,-77.109
PD,2022-10-21,23.4,-69.8,0.961,21.92,-6.325,27.72,18.462,33.96,45.128
PHR,2022-10-21,24.49,-64.28,0.814,24.48,-0.041,35.41,44.59,33.8,38.016
PODD,2022-10-21,227.0,-75.3,0.99,295.53,30.189,305.89,34.753,319.3,40.661
PRLB,2022-10-21,38.83,-75.94,0.787,23.77,-38.784,27.52,-29.127,28.87,-25.65
RBLX,2022-10-21,42.81,-53.53,0.727,31.72,-25.905,33.21,-22.425,40.7,-4.929
RMD,2022-10-21,213.9787,-60.92,0.984,216.4656,1.162,210.3884,-1.678,220.438,3.019
S,2022-10-21,22.64,-75.8,0.954,16.64,-26.502,14.32,-36.749,18.58,-17.933
SHOP,2022-10-21,29.75,-71.93,0.985,36.59,22.992,38.89,30.723,48.94,64.504
SPOT,2022-10-21,88.7,-78.65,0.974,76.99,-13.202,92.06,3.788,133.76,50.8
TSEM,2022-10-21,43.31,-79.56,0.7,43.21,-0.231,43.65,0.785,44.8,3.44
Z,2022-10-21,29.29,-77.75,0.923,35.26,20.382,43.45,48.344,45.0,53.636
ZM,2022-10-21,80.98,-78.65,0.855,81.64,0.815,69.49,-14.189,63.98,-20.993
ADYEY,2022-10-28,14.47,-62.83,0.974,15.5,7.118,14.57,0.691,16.0,10.574
ATEYY,2022-10-28,13.2223,-58.65,0.962,16.6982,26.288,18.4635,39.639,19.2467,45.562
BEAM,2022-10-28,48.74,-77.02,0.897,44.28,-9.151,44.54,-8.617,30.71,-36.992
CDNA,2022-10-28,19.81,-60.65,0.879,12.79,-35.437,14.33,-27.663,8.09,-59.162
CGC,2022-10-28,31.5,-55.56,0.946,36.6,16.19,26.1,-17.143,13.0,-58.73
CLLS,2022-10-28,2.56,-78.97,0.846,2.35,-8.203,3.06,19.531,1.88,-26.563
CLSK,2022-10-28,3.66,-77.79,0.9,2.22,-39.344,2.64,-27.869,3.91,6.831
CNM,2022-10-28,23.56,-52.93,0.741,21.21,-9.975,20.87,-11.418,26.06,10.611
CPRT,2022-10-28,29.09,-58.0,0.963,32.545,11.877,31.74,9.11,39.525,35.871
CSTL,2022-10-28,23.43,-78.06,0.95,21.27,-9.219,26.64,13.7,22.63,-3.414
CYRX,2022-10-28,28.97,-69.98,0.965,18.85,-34.933,21.75,-24.922,21.04,-27.373
DKNG,2022-10-28,15.12,-69.52,0.82,15.14,0.132,13.88,-8.201,21.91,44.907
DT,2022-10-28,35.54,-71.25,0.946,36.71,3.292,37.03,4.192,42.28,18.965
FSLY,2022-10-28,8.58,-78.82,0.899,8.55,-0.35,10.24,19.347,14.78,72.261
GBTC,2022-10-28,10.8943,-73.68,0.852,8.1572,-25.124,11.0027,0.995,14.8329,36.153
GH,2022-10-28,47.86,-71.45,0.961,51.52,7.647,31.7,-33.765,22.56,-52.863
GLBE,2022-10-28,25.99,-69.71,0.775,20.04,-22.893,25.11,-3.386,27.88,7.272
GLOB,2022-10-28,189.09,-62.74,0.995,178.09,-5.817,164.16,-13.184,156.87,-17.04
HUBS,2022-10-28,289.99,-73.15,0.985,290.18,0.066,329.94,13.776,420.95,45.16
IOVA,2022-10-28,9.75,-71.98,0.873,6.18,-36.615,6.27,-35.692,5.64,-42.154
JOBY,2022-10-28,4.7,-71.85,0.854,4.1,-12.766,3.97,-15.532,4.33,-7.872
MASS,2022-10-28,16.12,-80.0,0.917,10.71,-33.561,9.18,-43.052,6.76,-58.065
MNDY,2022-10-28,107.38,-71.13,0.816,97.83,-8.894,116.97,8.931,121.92,13.541
NTLA,2022-10-28,54.03,-75.03,0.888,49.68,-8.051,33.85,-37.35,37.75,-30.131
RDW,2022-10-28,2.61,-74.86,0.975,2.25,-13.793,2.59,-0.766,3.23,23.755
RIOT,2022-10-28,7.05,-67.5,0.744,4.43,-37.163,6.2,-12.057,11.96,69.645
RKLB,2022-10-28,5.13,-61.36,0.866,4.18,-18.519,4.78,-6.823,3.92,-23.587
SDGR,2022-10-28,24.38,-76.32,0.82,18.23,-25.226,23.1,-5.25,29.52,21.083
TDOC,2022-10-28,29.55,-67.91,0.909,27.6,-6.599,26.18,-11.404,26.53,-10.22
TGTX,2022-10-28,5.72,-77.31,0.785,8.11,41.783,12.34,115.734,24.83,334.091
UPST,2022-10-28,23.68,-79.72,0.888,18.52,-21.791,17.29,-26.985,13.9,-41.301
VCYT,2022-10-28,19.31,-67.12,0.859,26.2,35.681,24.89,28.897,22.64,17.245
XYZ,2022-10-28,61.29,-76.43,0.94,63.38,3.41,76.16,24.262,60.79,-0.816
BEKE,2022-11-04,10.8404,-73.46,0.959,16.3441,50.771,17.4393,60.873,14.8777,37.243
CDXS,2022-11-04,6.34,-65.85,0.992,5.67,-10.568,6.57,3.628,3.76,-40.694
DASH,2022-11-04,51.57,-77.64,0.971,55.19,7.02,58.63,13.69,62.9,21.97
TXG,2022-11-04,31.91,-72.96,0.962,38.97,22.125,48.65,52.46,54.27,70.072
ABNB,2022-11-11,109.57,-51.98,0.984,94.7,-13.571,118.7,8.333,105.275,-3.92
AI,2022-11-11,14.96,-70.15,0.725,12.2,-18.449,25.88,72.995,19.42,29.813
AMBA,2022-11-11,63.94,-66.55,0.865,78.07,22.099,93.85,46.778,66.03,3.269
API,2022-11-11,3.67,-62.38,0.815,3.84,4.632,4.02,9.537,2.85,-22.343
ASTS,2022-11-11,8.83,-64.68,0.897,4.27,-51.642,6.09,-31.031,5.14,-41.789
CRSP,2022-11-11,60.35,-66.69,0.96,48.99,-18.824,55.27,-8.418,63.9,5.882
DNA,2022-11-11,114.0,-78.33,0.774,72.8,-36.14,82.4,-27.719,49.2,-56.842
DOCU,2022-11-11,53.0,-64.35,0.895,49.16,-7.245,65.33,23.264,48.85,-7.83
FATE,2022-11-11,22.96,-75.9,0.863,18.9,-17.683,6.87,-70.078,4.97,-78.354
HIMS,2022-11-11,5.83,-44.34,0.777,7.14,22.47,7.89,35.334,10.81,85.42
HYFM,2022-11-11,26.4,-75.6,0.95,22.9,-13.258,22.0,-16.667,11.05,-58.144
PLTR,2022-11-11,8.41,-56.7,0.84,7.11,-15.458,8.41,-0.0,9.5,12.961
PLUR,2022-11-11,6.48,-70.37,0.972,7.44,14.815,8.56,32.099,7.2,11.111
PYPL,2022-11-11,90.2484,-37.66,0.862,72.9383,-19.18,84.7857,-6.053,61.1603,-32.231
RNG,2022-11-11,39.9059,-54.71,0.938,36.3749,-8.848,44.4814,11.466,27.2538,-31.705
ROKU,2022-11-11,61.3,-62.7,0.915,51.74,-15.595,62.84,2.512,53.73,-12.349
SFIX,2022-11-11,4.66,-72.72,0.854,3.88,-16.738,5.26,12.876,2.93,-37.124
SITM,2022-11-11,107.47,-54.11,0.969,101.78,-5.295,127.93,19.038,82.43,-23.3
SPCE,2022-11-11,110.0,-57.35,0.626,93.0,-15.455,121.6,10.545,80.2,-27.091
VEEV,2022-11-11,191.02,-50.69,0.954,172.17,-9.868,178.35,-6.633,174.22,-8.795
WULF,2022-11-11,1.15,-70.83,0.879,1.21,5.217,0.68,-40.87,1.6,39.13
SE,2022-11-18,56.94,-68.51,0.888,53.69,-5.708,64.0,12.399,69.44,21.953
XMTR,2022-11-18,42.56,-77.13,0.921,32.53,-23.567,34.38,-19.22,17.01,-60.033
ATAI,2022-11-25,3.09,-79.24,0.69,2.67,-13.592,1.89,-38.835,1.77,-42.718
PATH,2022-11-25,12.42,-73.69,0.941,12.11,-2.496,15.54,25.121,15.62,25.765
PCT,2022-11-25,6.88,-76.16,0.836,6.49,-5.669,7.08,2.907,7.04,2.326
SSYS,2022-11-25,14.14,-75.51,0.808,11.45,-19.024,13.79,-2.475,14.08,-0.424
ACHR,2022-12-02,2.54,-77.12,0.951,1.87,-26.378,2.72,7.087,2.96,16.535
CMPS,2022-12-02,11.21,-74.51,0.813,8.03,-28.368,8.17,-27.119,7.88,-29.706
DOCN,2022-12-02,30.84,-75.96,0.941,25.47,-17.412,31.44,1.946,41.44,34.371
INSM,2022-12-02,20.37,-59.21,0.971,19.98,-1.915,20.07,-1.473,19.54,-4.075
NIU,2022-12-02,4.26,-54.08,0.897,5.23,22.77,4.36,2.347,3.74,-12.207
NTRA,2022-12-02,41.84,-59.97,0.795,40.17,-3.991,47.73,14.077,48.81,16.659
OKTA,2022-12-02,65.08,-58.63,0.946,68.33,4.994,72.27,11.048,73.83,13.445
PSNL,2022-12-02,2.87,-61.24,0.91,1.98,-31.01,2.95,2.787,2.06,-28.223
RBLX,2022-12-02,33.99,-75.12,0.822,28.46,-16.269,36.96,8.738,40.34,18.682
ZM,2022-12-02,74.31,-76.3,0.912,67.74,-8.841,73.93,-0.511,67.09,-9.716
AQB,2022-12-16,14.8,-72.18,0.854,19.06,28.784,12.5,-15.541,8.0,-45.946
SDGR,2022-12-16,20.54,-67.06,0.967,23.83,16.018,23.47,14.265,45.98,123.856
CME,2022-12-23,146.6788,-68.03,0.956,152.0914,3.69,162.5615,10.828,159.7569,8.916
EVGN,2022-12-23,7.6,-58.97,0.821,8.3,9.211,6.5,-14.474,10.3,35.526
SPOT,2022-12-23,77.7,-73.0,0.963,97.91,26.01,127.09,63.565,157.49,102.69
AI,2022-12-30,11.19,-78.59,0.862,17.77,58.803,25.27,125.827,36.43,225.559
BILL,2022-12-30,108.96,-79.58,0.937,119.91,10.05,69.24,-36.454,116.85,7.241
CCJ,2022-12-30,22.538,-76.55,0.88,27.4691,21.879,23.9,6.043,31.1476,38.2
CLLS,2022-12-30,2.1,-68.97,0.813,3.1,47.619,2.04,-2.857,1.968,-6.286
DDOG,2022-12-30,73.5,-77.15,0.957,77.23,5.075,65.24,-11.238,98.38,33.85
ENVX,2022-12-30,12.44,-74.91,0.978,8.14,-34.566,11.24,-9.646,18.04,45.016
EOSE,2022-12-30,1.48,-48.78,0.653,1.35,-8.784,2.36,59.459,4.34,193.243
FSLY,2022-12-30,8.19,-71.89,0.809,10.55,28.816,16.03,95.727,15.77,92.552
GLBE,2022-12-30,20.64,-78.6,0.851,28.36,37.403,29.18,41.376,40.94,98.353
GLOB,2022-12-30,168.16,-70.09,0.994,163.94,-2.51,155.12,-7.755,179.72,6.874
KTOS,2022-12-30,10.32,-43.65,0.957,11.25,9.012,13.29,28.779,14.34,38.953
LSPD,2022-12-30,14.3,-79.0,0.85,18.36,28.392,14.83,3.706,16.92,18.322
RDW,2022-12-30,1.98,-75.78,0.933,2.63,32.828,2.77,39.899,2.55,28.788
BJ,2023-01-06,68.82,-75.5,0.865,72.48,5.318,76.07,10.535,63.75,-7.367
CDXS,2023-01-06,5.38,-57.61,0.863,6.45,19.888,4.14,-23.048,2.71,-49.628
CNM,2023-01-06,20.76,-62.85,0.806,23.0,10.79,23.1,11.272,30.48,46.821
CWH,2023-01-06,21.6521,-58.82,0.988,23.5898,8.949,19.0919,-11.824,26.6108,22.902
GBTC,2023-01-06,7.8139,-78.32,0.872,11.1292,42.428,14.7787,89.133,17.8952,129.018
GENI,2023-01-06,3.65,-78.71,0.736,5.46,49.589,4.98,36.438,7.48,104.932
INGN,2023-01-06,21.77,-54.64,0.879,26.0,19.43,12.48,-42.673,10.32,-52.595
INOD,2023-01-06,3.06,-72.04,0.893,5.59,82.68,8.54,179.085,10.61,246.732
IONS,2023-01-06,40.52,-65.34,0.902,40.92,0.987,35.74,-11.797,41.78,3.11
MU,2023-01-06,55.9241,-47.1,0.874,61.4801,9.935,59.4409,6.289,59.9797,7.252
PL,2023-01-06,4.83,-67.92,0.88,4.96,2.692,3.93,-18.634,3.24,-32.919
PYPL,2023-01-06,75.8233,-65.41,0.817,84.7857,11.82,75.288,-0.706,66.2165,-12.67
RIOT,2023-01-06,4.28,-77.24,0.823,6.84,59.813,9.99,133.411,15.48,261.682
RKLB,2023-01-06,4.23,-67.11,0.803,5.31,25.532,4.04,-4.492,5.73,35.461
RMD,2023-01-06,201.504,-79.98,0.955,216.6586,7.521,211.6618,5.041,208.9764,3.708
ROKU,2023-01-06,43.6,-78.67,0.966,62.84,44.128,65.82,50.963,62.83,44.106
SMTC,2023-01-06,3.82,-74.64,0.837,5.8,51.832,7.31,91.361,10.2,167.016
SSYS,2023-01-06,13.4,-43.41,0.787,14.8,10.448,16.53,23.358,17.38,29.701
AAOI,2023-01-13,2.43,-43.54,0.836,2.65,9.054,2.14,-11.934,9.14,276.132
ABNB,2023-01-13,100.37,-52.42,0.853,108.87,8.469,109.69,9.286,143.34,42.812
ADSK,2023-01-13,200.59,-61.21,0.894,222.8,11.072,197.34,-1.62,214.14,6.755
AFRM,2023-01-13,12.88,-68.07,0.816,12.52,-2.795,10.57,-17.935,16.39,27.252
ALRM,2023-01-13,52.53,-73.03,1.0,53.46,1.77,48.84,-7.025,54.37,3.503
AOSL,2023-01-13,31.39,-64.95,0.776,29.65,-5.543,25.16,-19.847,32.02,2.007
CDNA,2023-01-13,14.24,-63.37,0.887,15.3,7.444,8.81,-38.132,9.77,-31.39
CLSK,2023-01-13,2.58,-60.75,0.819,2.955,14.535,2.44,-5.426,6.9,167.442
CMPS,2023-01-13,9.55,-46.8,0.854,9.47,-0.838,10.49,9.843,9.085,-4.869
COIN,2023-01-13,49.98,-60.57,0.827,57.09,14.226,61.44,22.929,105.31,110.704
CYRX,2023-01-13,20.83,-63.76,0.949,20.51,-1.536,21.08,1.2,15.04,-27.796
DKNG,2023-01-13,14.11,-47.9,0.748,15.99,13.324,18.16,28.703,30.55,116.513
DNA,2023-01-13,74.4,-75.45,0.848,69.2,-6.989,54.0,-27.419,81.6,9.677
DOCN,2023-01-13,27.69,-72.04,0.862,27.63,-0.217,37.3,34.706,46.63,68.4
JOBY,2023-01-13,4.21,-40.62,0.783,4.2,-0.238,4.19,-0.475,9.85,133.967
MARA,2023-01-13,7.68,-63.47,0.788,5.92,-22.917,7.98,3.906,18.07,135.286
MRVL,2023-01-13,40.1945,-48.79,0.968,44.0292,9.54,38.8586,-3.324,62.8644,56.4
MSTR,2023-01-13,21.697,-46.39,0.797,24.337,12.168,29.01,33.705,45.886,111.485
MTLS,2023-01-13,9.51,-62.74,0.786,10.05,5.678,7.96,-16.299,8.84,-7.045
NET,2023-01-13,43.93,-71.13,0.898,60.1,36.809,59.08,34.487,66.54,51.468
OSCR,2023-01-13,3.0,-59.57,0.887,4.95,65.0,6.52,117.333,7.85,161.667
PAYC,2023-01-13,296.3082,-70.99,0.983,308.6,4.148,281.7001,-4.93,345.9696,16.76
PLTR,2023-01-13,6.96,-66.88,0.809,7.51,7.902,8.09,16.236,16.4,135.632
QS,2023-01-13,8.3,-25.73,0.749,8.21,-1.084,7.29,-12.169,9.86,18.795
RBLX,2023-01-13,33.21,-64.7,0.716,34.82,4.848,46.2,39.115,43.0,29.479
SNOW,2023-01-13,140.87,-66.35,0.897,157.33,11.685,145.68,3.414,180.79,28.338
SPCE,2023-01-13,103.8,-19.73,0.661,99.6,-4.046,63.0,-39.306,76.0,-26.782
SYRS,2023-01-13,4.77,-54.43,0.661,4.25,-10.901,2.505,-47.484,3.35,-29.769
TASK,2023-01-13,11.5158,-72.49,0.729,11.9981,4.188,8.6222,-25.127,7.8206,-32.088
TDOC,2023-01-13,26.92,-59.48,0.752,29.3,8.841,25.98,-3.492,24.77,-7.987
TTD,2023-01-13,47.03,-60.5,0.862,48.69,3.53,60.85,29.385,88.0,87.115
UPST,2023-01-13,16.99,-64.64,0.724,16.31,-4.002,16.98,-0.059,46.53,173.867
VEEV,2023-01-13,164.24,-69.24,0.889,168.61,2.661,180.02,9.608,208.69,27.064
WULF,2023-01-13,0.88,-64.52,0.74,0.64,-27.273,1.0,13.636,3.52,300.0
ESTC,2023-01-20,55.12,-60.25,0.902,60.4,9.579,59.68,8.273,63.86,15.856
ZS,2023-01-20,117.12,-70.82,0.98,132.35,13.004,105.45,-9.964,149.01,27.228
APP,2023-01-27,12.59,-64.56,0.937,14.21,12.867,16.43,30.5,31.26,148.292
BFLY,2023-01-27,2.87,-76.35,0.908,2.2,-23.345,2.43,-15.331,2.39,-16.725
CGC,2023-01-27,29.3,-68.66,0.822,23.3,-20.478,13.4,-54.266,4.75,-83.788
IOVA,2023-01-27,8.16,-41.95,0.8,7.0,-14.216,5.71,-30.025,7.2,-11.765
LRN,2023-01-27,41.0,-38.05,0.892,43.37,5.78,37.8,-7.805,38.64,-5.756
NTLA,2023-01-27,41.63,-63.3,0.818,37.74,-9.344,37.14,-10.785,42.36,1.754
WMS,2023-01-27,93.9134,-66.21,0.978,85.7453,-8.697,82.7655,-11.87,120.2731,28.068
XMTR,2023-01-27,34.56,-79.13,0.992,31.15,-9.867,13.9,-59.78,21.13,-38.86
CW,2023-02-03,167.9887,-50.1,0.901,175.9509,4.74,168.3711,0.228,200.8421,19.557
OPCH,2023-02-03,28.7,-70.83,0.985,33.17,15.575,32.15,12.021,33.38,16.307
S,2023-02-03,15.71,-73.76,0.874,16.45,4.71,16.07,2.292,15.67,-0.255
VERX,2023-02-03,16.05,-44.04,0.884,15.12,-5.794,20.65,28.66,19.23,19.813
ABBV,2023-02-10,134.3473,-62.43,0.958,132.2797,-1.539,131.9985,-1.748,137.2035,2.126
MCD,2023-02-17,247.0482,-48.6,0.891,245.907,-0.462,272.5408,10.319,260.6646,5.512
PW,2023-02-17,49.0,-77.36,0.973,38.5,-21.429,24.2,-50.612,12.7,-74.082
VMI,2023-02-17,316.6319,-68.91,0.862,288.7798,-8.796,278.6989,-11.98,246.3451,-22.198
ESLT,2023-02-24,164.4073,-75.97,0.89,171.6062,4.379,202.058,22.901,192.6308,17.167
ABT,2023-03-03,97.1712,-69.11,0.893,94.2035,-3.054,96.1795,-1.021,96.622,-0.565
ADBE,2023-03-03,344.04,-69.67,0.843,385.37,12.013,415.39,20.739,563.21,63.705
AQB,2023-03-03,14.8,-76.39,0.932,11.9,-19.595,9.84,-33.514,5.18,-65.0
BLK,2023-03-03,639.5543,-79.38,0.844,619.9852,-3.06,622.9317,-2.599,659.145,3.063
CDXS,2023-03-03,4.93,-74.01,0.808,4.14,-16.024,2.47,-49.899,1.8,-63.489
CGNX,2023-03-03,47.9839,-70.07,0.893,48.3056,0.67,53.5153,11.528,46.4187,-3.262
DGX,2023-03-03,131.4294,-78.94,0.887,132.0642,0.483,125.489,-4.52,123.0688,-6.361
GH,2023-03-03,32.08,-74.76,0.922,23.44,-26.933,28.08,-12.469,35.01,9.133
HON,2023-03-03,180.9063,-75.92,0.938,175.6672,-2.896,179.0189,-1.043,175.019,-3.254
IONS,2023-03-03,36.6,-79.12,0.915,35.74,-2.35,40.74,11.311,40.5,10.656
LNN,2023-03-03,151.4305,-58.27,0.984,145.0848,-4.19,115.1693,-23.946,122.4267,-19.153
MGA,2023-03-03,50.2956,-74.03,0.956,47.1945,-6.166,45.818,-8.903,52.8281,5.035
RNG,2023-03-03,36.5937,-70.79,0.754,30.5063,-16.635,34.5944,-5.463,31.7596,-13.21
SHW,2023-03-03,221.2622,-75.16,0.956,217.8028,-1.563,222.6291,0.618,267.6039,20.944
TJX,2023-03-03,74.3269,-69.36,0.715,74.7562,0.578,73.7713,-0.747,89.0983,19.873
TNDM,2023-03-03,41.61,-46.75,0.896,40.61,-2.403,26.57,-36.145,27.85,-33.069
VCYT,2023-03-03,24.74,-73.87,0.739,22.3,-9.863,25.58,3.395,26.7,7.922
VRSK,2023-03-03,182.4506,-10.16,0.905,187.625,2.836,212.2785,16.349,237.8522,30.365
MCRB,2023-03-10,105.2,-79.75,0.76,115.4,9.696,97.4,-7.414,64.6,-38.593
ALRM,2023-03-17,49.87,-74.97,0.995,47.97,-3.81,50.4,1.063,59.5,19.31
AON,2023-03-17,289.2489,-66.5,0.856,316.4486,9.404,307.1074,6.174,329.0791,13.77
ARGX,2023-03-17,359.67,-63.02,0.846,382.99,6.484,390.62,8.605,527.98,46.796
BL,2023-03-17,66.75,-60.93,0.864,62.75,-5.993,52.27,-21.693,55.62,-16.674
CLSK,2023-03-17,2.45,-66.21,0.82,4.13,68.571,3.8,55.102,4.42,80.408
CMPS,2023-03-17,8.33,-67.46,0.807,9.94,19.328,7.84,-5.882,9.41,12.965
CSTL,2023-03-17,21.4,-75.8,0.871,22.58,5.514,14.66,-31.495,17.3,-19.159
CTAS,2023-03-17,104.8281,-77.14,0.848,111.0975,5.981,116.6663,11.293,125.4261,19.649
DDOG,2023-03-17,68.62,-74.61,0.891,67.32,-1.894,95.63,39.362,94.55,37.788
ISRG,2023-03-17,237.8,-75.74,0.786,267.02,12.288,312.76,31.522,295.54,24.281
KLAC,2023-03-17,37.6327,-59.1,0.8,36.3992,-3.278,45.3458,20.496,44.3531,17.858
KO,2023-03-17,54.5331,-66.66,0.854,57.2861,5.048,54.942,0.75,53.465,-1.959
LSPD,2023-03-17,14.79,-71.94,0.7,14.12,-4.53,15.04,1.69,15.37,3.922
NTDOY,2023-03-17,9.4805,-79.52,0.925,10.0928,6.459,10.8137,14.063,10.4878,10.625
NVS,2023-03-17,74.0992,-73.93,0.949,88.2446,19.09,90.9944,22.801,92.5271,24.869
ROP,2023-03-17,415.9043,-75.77,0.799,430.5006,3.51,442.1363,6.307,485.9006,16.83
SPGI,2023-03-17,307.3942,-79.87,0.957,319.6811,3.997,353.7875,15.092,358.5461,16.64
TDOC,2023-03-17,24.57,-76.72,0.747,25.59,4.151,23.81,-3.093,21.2,-13.716
VRTX,2023-03-17,295.77,-68.45,0.921,333.52,12.763,334.11,12.963,348.9,17.963
WMT,2023-03-17,44.6967,-72.49,0.824,47.608,6.514,49.2726,10.238,53.1784,18.976
ZM,2023-03-17,69.19,-73.86,0.792,69.5,0.448,67.14,-2.963,71.11,2.775
ACN,2023-03-24,255.5966,-44.9,0.94,260.6851,1.991,301.4488,17.939,299.2763,17.089
API,2023-03-24,3.43,-70.65,0.703,3.39,-1.166,3.46,0.875,2.72,-20.7
ARRY,2023-03-24,18.47,-73.47,0.978,21.11,14.293,21.21,14.835,23.61,27.829
BRK-B,2023-03-24,298.92,-77.51,0.883,324.33,8.501,338.31,13.177,360.16,20.487
GLOB,2023-03-24,155.12,-70.42,0.88,154.84,-0.181,183.9,18.553,199.66,28.713
HDB,2023-03-24,30.3091,-78.15,0.856,33.8951,11.832,32.1055,5.927,28.7396,-5.178
ICE,2023-03-24,93.5261,-78.1,0.929,103.9446,11.14,107.5537,14.999,106.4824,13.853
MXL,2023-03-24,35.02,-74.1,0.689,31.34,-10.508,30.64,-12.507,21.58,-38.378
NIU,2023-03-24,3.84,-79.39,0.914,3.71,-3.385,4.29,11.719,2.84,-26.042
NOC,2023-03-24,431.2676,-77.78,0.962,447.1257,3.677,436.0854,1.117,406.017,-5.855
PACB,2023-03-24,9.61,-60.66,0.613,11.01,14.568,12.75,32.674,8.94,-6.972
PTC,2023-03-24,121.7,-74.45,0.81,126.59,4.018,143.15,17.625,140.65,15.571
RKLB,2023-03-24,3.93,-79.55,0.801,4.0,1.781,5.6,42.494,4.48,13.995
RMD,2023-03-24,205.4664,-70.64,0.836,220.438,7.287,212.1139,3.235,132.6377,-35.446
TSEM,2023-03-24,41.23,-74.88,0.928,44.8,8.659,41.17,-0.146,25.3,-38.637
U,2023-03-24,28.72,-77.98,0.792,28.65,-0.244,42.56,48.189,31.61,10.063
UNH,2023-03-24,446.1726,-76.61,0.989,453.5122,1.645,431.5331,-3.281,478.1983,7.178
WULF,2023-03-24,0.78,-61.9,0.526,1.45,85.897,1.46,87.179,1.38,76.923
XENE,2023-03-24,35.05,-72.01,0.819,39.39,12.382,40.79,16.377,35.17,0.342
ZS,2023-03-24,111.93,-72.06,0.877,101.71,-9.131,154.01,37.595,151.71,35.54
ARCT,2023-03-31,23.97,-2.69,0.558,26.62,11.055,23.94,-0.125,25.55,6.592
ATAI,2023-03-31,1.81,-58.51,0.898,1.91,5.525,1.55,-14.365,1.29,-28.729
AZO,2023-03-31,2458.1499,-47.44,0.875,2663.3101,8.346,2423.73,-1.4,2539.99,3.329
BABA,2023-03-31,96.1567,-45.72,0.706,79.6977,-17.117,79.9142,-16.892,81.6269,-15.111
BE,2023-03-31,19.93,-67.68,0.887,16.65,-16.458,15.44,-22.529,13.26,-33.467
BILL,2023-03-31,81.14,-79.88,0.963,76.81,-5.336,108.19,33.337,108.57,33.806
C,2023-03-31,41.8276,-54.39,0.93,42.4485,1.484,41.5016,-0.779,37.5221,-10.294
CAT,2023-03-31,217.1359,-68.12,0.957,208.7364,-3.868,223.657,3.003,261.7332,20.539
CWH,2023-03-31,19.0919,-72.28,0.965,20.4825,7.283,25.8254,35.269,19.1924,0.526
DE,2023-03-31,394.9801,-48.58,0.809,361.6314,-8.443,386.9156,-2.042,363.4127,-7.992
EHC,2023-03-31,52.8073,-77.43,0.926,62.6171,18.577,63.5054,20.259,65.8484,24.696
ENR,2023-03-31,29.5806,-52.34,0.898,28.498,-3.66,27.6169,-6.639,27.7888,-6.057
ETSY,2023-03-31,111.33,-76.14,0.717,101.03,-9.252,88.93,-20.12,64.58,-41.992
FIVN,2023-03-31,72.29,-52.48,0.786,64.84,-10.306,77.27,6.889,64.3,-11.053
FLNC,2023-03-31,20.25,-54.06,0.788,18.06,-10.815,23.88,17.926,22.99,13.531
FN,2023-03-31,118.76,-68.02,0.952,94.95,-20.049,124.16,4.547,166.62,40.3
HD,2023-03-31,271.5621,-74.29,0.899,276.5495,1.837,278.7906,2.662,281.83,3.781
INCY,2023-03-31,72.27,-75.95,0.925,74.41,2.961,62.45,-13.588,57.77,-20.064
IOVA,2023-03-31,6.11,-76.77,0.89,5.64,-7.692,8.07,32.079,4.55,-25.532
JBHT,2023-03-31,169.7048,-67.72,0.886,169.5404,-0.097,169.8379,0.078,183.1465,7.921
JD,2023-03-31,39.4253,-78.94,0.977,32.569,-17.391,31.794,-19.356,26.5603,-32.631
JPM,2023-03-31,120.2119,-66.09,0.882,128.5282,6.918,129.0954,7.39,135.7579,12.932
KEYS,2023-03-31,161.48,-73.24,0.96,144.64,-10.429,157.98,-2.167,132.31,-18.064
LHX,2023-03-31,183.7515,-74.33,0.908,182.7309,-0.555,180.8597,-1.574,165.1599,-10.118
MTLS,2023-03-31,8.3,-75.73,0.774,8.99,8.313,8.39,1.084,5.49,-33.855
NBIX,2023-03-31,101.22,-74.07,0.954,101.04,-0.178,96.39,-4.772,112.5,11.144
PAYC,2023-03-31,295.8702,-60.34,0.864,282.5954,-4.487,298.4026,0.856,253.0011,-14.489
PCTY,2023-03-31,198.78,-55.42,0.902,193.29,-2.762,176.75,-11.083,181.7,-8.592
PHR,2023-03-31,32.29,-77.1,0.747,31.64,-2.013,30.37,-5.946,18.68,-42.149
PL,2023-03-31,3.93,-66.14,0.93,4.08,3.817,3.07,-21.883,2.6,-33.842
PLUR,2023-03-31,8.16,-67.19,0.785,8.24,0.98,6.64,-18.627,4.8,-41.176
PW,2023-03-31,37.4,-75.82,0.923,26.8,-28.342,15.2,-59.358,11.6,-68.984
TRGP,2023-03-31,67.4878,-45.45,0.908,70.3475,4.237,65.1224,-3.505,80.3369,19.039
TRMB,2023-03-31,52.42,-64.28,0.922,47.1,-10.149,49.55,-5.475,53.86,2.747
UPST,2023-03-31,15.89,-72.94,0.606,13.9,-12.524,30.12,89.553,28.54,79.61
WSC,2023-03-31,46.072,-64.96,0.916,44.6175,-3.157,45.2662,-1.749,40.8732,-11.284
XYL,2023-03-31,100.2139,-55.18,0.896,99.3908,-0.821,106.6285,6.401,87.7043,-12.483
XYZ,2023-03-31,68.65,-63.7,0.74,60.79,-11.449,62.86,-8.434,44.26,-35.528
BFLY,2023-04-07,2.28,-58.93,0.911,2.15,-5.702,2.3,0.877,1.1,-51.754
CDLX,2023-04-07,59.65,-48.17,0.734,60.3,1.09,63.2,5.951,132.7,122.464
JNJ,2023-04-07,149.4334,-49.07,0.985,147.1985,-1.496,150.8982,0.98,144.7578,-3.129
CGNX,2023-04-14,47.8474,-72.21,0.762,48.4713,1.304,52.9393,10.642,37.4048,-21.825
HON,2023-04-14,180.6581,-61.31,0.859,178.8988,-0.974,187.8058,3.956,170.5318,-5.605
MGA,2023-04-14,47.8817,-74.12,0.932,46.3047,-3.293,51.7108,7.997,46.7881,-2.284
OTIS,2023-04-14,76.3418,-58.14,0.936,79.2917,3.864,81.9354,7.327,75.7665,-0.754
SNA,2023-04-14,218.9131,-57.76,0.927,233.6022,6.71,257.7498,17.741,234.3045,7.031
VCYT,2023-04-14,21.93,-79.84,0.789,23.52,7.25,23.71,8.117,21.28,-2.964
WFC,2023-04-14,36.2873,-67.7,0.983,34.5876,-4.684,39.4588,8.74,38.0845,4.953
INSM,2023-04-21,18.22,-64.78,0.817,19.46,6.806,20.6,13.063,25.08,37.651
LYFT,2023-04-21,10.44,-77.88,0.795,8.11,-22.318,11.3,8.238,10.1,-3.257
TOST,2023-04-21,17.92,-79.06,0.649,20.81,16.127,25.08,39.955,17.58,-1.897
ASTS,2023-04-28,5.31,-55.12,0.931,5.47,3.013,3.97,-25.235,3.05,-42.561
ESI,2023-04-28,17.3667,-77.4,0.878,17.8642,2.865,19.2205,10.675,17.3657,-0.006
HYFM,2023-04-28,15.7,-78.65,0.616,9.77,-37.771,11.7,-25.478,10.3,-34.395
JOBY,2023-04-28,4.33,-51.13,0.777,5.36,23.788,8.26,90.762,5.24,21.016
KLAC,2023-04-28,37.5153,-57.53,0.822,44.9114,19.715,44.6553,19.032,44.7153,19.192
MRVL,2023-04-28,39.0764,-77.44,0.856,64.8402,65.932,62.8247,60.774,46.8765,19.961
PCT,2023-04-28,6.57,-61.96,0.995,7.04,7.154,10.7,62.861,4.8,-26.941
PYPL,2023-04-28,75.3475,-71.75,0.663,59.7029,-20.763,72.3633,-3.961,49.9573,-33.697
SYRS,2023-04-28,3.18,-76.62,0.672,3.7,16.352,3.5,10.063,2.52,-20.755
ACHR,2023-05-05,2.12,-77.71,0.912,2.96,39.623,4.78,125.472,5.47,158.019
BEAM,2023-05-05,33.64,-77.31,0.773,34.03,1.159,31.38,-6.718,24.49,-27.2
BEKE,2023-05-05,14.8777,-79.53,0.773,14.952,0.499,16.6968,12.227,14.3156,-3.778
CDXS,2023-05-05,3.76,-77.97,0.842,2.63,-30.053,3.71,-1.33,1.93,-48.67
COIN,2023-05-05,58.24,-73.51,0.735,64.55,10.834,94.76,62.706,85.8,47.321
DDOG,2023-05-05,76.57,-49.03,0.757,98.77,28.993,112.19,46.52,82.04,7.144
DIOD,2023-05-05,86.04,-54.28,0.818,91.01,5.776,92.69,7.729,70.37,-18.212
GENI,2023-05-05,4.02,-79.11,0.868,5.72,42.289,7.6,89.055,5.3,31.841
GH,2023-05-05,23.65,-78.22,0.953,32.39,36.956,38.82,64.144,28.67,21.226
LSPD,2023-05-05,14.11,-79.09,0.66,15.01,6.378,17.21,21.97,14.92,5.741
MCRB,2023-05-05,118.2,-40.68,0.834,97.4,-17.597,93.8,-20.643,26.0,-78.003
OPEN,2023-05-05,1.79,-64.68,0.736,2.48,38.547,4.84,170.391,2.09,16.76
PRLB,2023-05-05,31.44,-68.53,0.843,32.98,4.898,32.76,4.198,31.69,0.795
TSM,2023-05-05,81.097,-78.22,0.842,94.4302,16.441,96.6659,19.198,88.4297,9.042
AFRM,2023-05-12,12.07,-65.38,0.643,17.39,44.076,16.69,38.277,22.43,85.833
ALRM,2023-05-12,48.48,-69.6,0.895,50.4,3.96,51.03,5.26,56.59,16.729
AOSL,2023-05-12,24.07,-79.55,0.808,29.1,20.897,33.26,38.18,20.98,-12.838
BLK,2023-05-12,597.729,-79.88,0.838,638.8065,6.872,662.9625,10.914,625.2021,4.596
CGEN,2023-05-12,0.74,-58.7,0.735,1.31,77.027,1.12,51.351,0.58,-21.622
EVGN,2023-05-12,6.8,-64.86,0.717,5.7,-16.176,9.7,42.647,5.7,-16.176
HD,2023-05-12,267.2833,-78.36,0.863,275.5839,3.106,302.5352,13.189,271.9712,1.754
IIPR,2023-05-12,48.9072,-78.12,0.898,49.7455,1.714,56.685,15.903,56.0223,14.548
JTKWY,2023-05-12,3.62,-76.04,0.604,2.73,-24.586,3.29,-9.116,2.7,-25.414
MNDY,2023-05-12,131.1,-64.19,0.635,174.72,33.272,160.99,22.799,140.12,6.88
NET,2023-05-12,49.43,-70.69,0.804,63.82,29.112,69.52,40.643,63.08,27.615
PATH,2023-05-12,14.25,-67.36,0.764,17.17,20.491,16.08,12.842,17.3,21.404
PLTR,2023-05-12,9.5,-25.96,0.741,15.02,58.105,18.2,91.579,19.67,107.053
RBLX,2023-05-12,39.36,-59.34,0.685,38.69,-1.702,37.48,-4.776,38.42,-2.388
RKLB,2023-05-12,4.12,-69.88,0.674,5.22,26.699,6.83,65.777,4.37,6.068
SPCE,2023-05-12,80.2,-71.63,0.938,80.6,0.499,74.4,-7.232,35.8,-55.362
TENB,2023-05-12,37.73,-74.61,0.869,39.84,5.592,46.78,23.986,37.41,-0.848
U,2023-05-12,29.65,-72.78,0.667,36.3,22.428,40.17,35.481,27.01,-8.904
UPST,2023-05-12,16.39,-55.58,0.525,32.09,95.79,60.725,270.5,20.87,27.334
ZS,2023-05-12,114.33,-49.91,0.82,150.84,31.934,146.16,27.84,175.04,53.101
ADSK,2023-05-19,200.89,-69.45,0.731,213.5,6.277,207.96,3.519,217.33,8.184
AI,2023-05-19,25.28,-52.54,0.993,44.49,75.989,32.94,30.301,29.31,15.941
AMBA,2023-05-19,72.38,-63.97,0.666,85.74,18.458,71.89,-0.677,54.07,-25.297
CAT,2023-05-19,204.9013,-78.64,0.986,233.9889,14.196,273.4489,33.454,243.8795,19.023
CDW,2023-05-19,163.9706,-77.79,1.0,169.8417,3.581,193.9904,18.308,205.8426,25.536
CRDO,2023-05-19,10.2,-75.5,0.972,18.03,76.765,14.33,40.49,17.57,72.255
DNA,2023-05-19,51.2,-78.08,0.767,76.0,48.438,74.8,46.094,60.8,18.75
DOCU,2023-05-19,53.12,-72.1,0.64,53.85,1.374,49.22,-7.342,42.95,-19.145
FIVN,2023-05-19,61.53,-68.02,0.885,76.62,24.525,70.49,14.562,72.91,18.495
GLOB,2023-05-19,167.4,-20.76,0.801,183.9,9.857,172.14,2.832,204.78,22.33
IQV,2023-05-19,199.44,-59.63,0.925,216.02,8.313,219.84,10.229,204.79,2.683
KEYS,2023-05-19,157.19,-64.65,0.968,164.86,4.879,156.54,-0.414,133.18,-15.275
LAD,2023-05-19,221.0133,-70.53,0.931,265.4054,20.086,309.4159,39.999,265.9467,20.331
MTSI,2023-05-19,21.21,-77.89,0.992,22.6,6.554,25.35,19.519,15.84,-25.318
MXL,2023-05-19,28.56,-63.77,0.9,30.64,7.283,22.44,-21.429,17.6,-38.375
NIU,2023-05-19,4.07,-52.27,0.689,4.29,5.405,3.67,-9.828,2.36,-42.015
NOC,2023-05-19,419.9565,-79.83,0.87,436.0854,3.841,410.1115,-2.344,443.5418,5.616
PAYC,2023-05-19,277.7196,-63.86,0.865,311.7733,12.262,284.5642,2.465,173.2082,-37.632
PCTY,2023-05-19,173.77,-77.85,0.987,184.98,6.451,201.79,16.125,152.54,-12.217
PHR,2023-05-19,30.48,-76.75,0.797,31.79,4.298,27.95,-8.301,15.71,-48.458
PINS,2023-05-19,22.7,-75.78,0.829,25.36,11.718,25.78,13.568,31.49,38.722
RNG,2023-05-19,30.8545,-76.25,0.692,34.7933,12.766,30.3373,-1.676,29.1039,-5.674
SITM,2023-05-19,94.94,-77.59,0.864,117.89,24.173,133.0,40.088,113.67,19.728
SNAP,2023-05-19,9.72,-61.33,0.601,10.68,9.877,10.03,3.189,11.89,22.325
TEAM,2023-05-19,146.99,-68.67,0.808,177.8,20.961,197.66,34.472,184.99,25.852
TER,2023-05-19,95.886,-57.98,0.726,109.7949,14.506,100.5712,4.886,91.1344,-4.955
TRMB,2023-05-19,47.86,-77.93,0.858,52.67,10.05,55.59,16.151,43.33,-9.465
ZM,2023-05-19,69.37,-56.17,0.697,70.06,0.995,66.6,-3.993,64.12,-7.568
AAOI,2023-05-26,1.9,-79.17,0.907,4.34,128.421,12.8,573.684,13.04,586.316
BIDU,2023-05-26,126.08,-76.91,0.897,139.29,10.477,125.16,-0.73,123.4,-2.126
CLLS,2023-05-26,1.83,-77.94,0.774,1.83,0.0,1.85,1.093,2.91,59.016
DGX,2023-05-26,125.489,-77.87,0.908,132.7311,5.771,125.8787,0.311,128.5468,2.437
HUYA,2023-05-26,1.247,-78.91,0.826,1.3572,8.84,0.8478,-32.013,1.4637,17.376
JBHT,2023-05-26,165.0776,-71.5,0.868,169.8379,2.884,185.5656,12.411,178.2603,7.986
ODFL,2023-05-26,155.0634,-68.06,0.89,160.5708,3.552,193.439,24.748,198.9456,28.3
OUST,2023-05-26,6.44,-67.99,0.971,5.42,-15.839,5.99,-6.988,5.42,-15.839
PDD,2023-05-26,71.42,-69.05,0.865,69.8,-2.268,76.98,7.785,118.7,66.2
PLUR,2023-05-26,6.4,-79.49,0.956,6.64,3.75,5.52,-13.75,4.88,-23.75
ROKU,2023-05-26,56.05,-77.08,0.643,62.57,11.632,79.3,41.481,94.93,69.367
SFIX,2023-05-26,3.5,-73.33,0.766,3.69,5.429,3.76,7.429,3.5,0.0
TMO,2023-05-26,516.6898,-75.16,0.939,519.2028,0.486,527.2948,2.052,486.4254,-5.857
TWLO,2023-05-26,60.1,-51.65,0.65,64.03,6.539,59.31,-1.314,63.04,4.892
ZETA,2023-05-26,8.81,-72.86,0.691,8.48,-3.746,7.68,-12.826,8.67,-1.589
ABNB,2023-06-02,118.06,-46.85,0.796,128.16,8.555,125.79,6.548,135.02,14.366
ALGN,2023-06-02,302.0,-68.22,0.756,353.64,17.099,356.35,17.997,220.45,-27.003
API,2023-06-02,2.99,-66.85,0.739,3.13,4.682,2.86,-4.348,2.71,-9.365
BABA,2023-06-02,79.3025,-76.17,0.831,78.4367,-1.092,84.5253,6.586,69.6285,-12.199
BL,2023-06-02,55.26,-74.4,0.912,53.82,-2.606,53.62,-2.968,60.0,8.578
BMY,2023-06-02,56.5134,-67.63,0.994,55.0416,-2.604,53.9068,-4.612,43.9456,-22.239
CME,2023-06-02,161.9672,-49.35,0.811,162.9403,0.601,178.7075,10.336,194.1075,19.844
CMS,2023-06-02,52.6339,-66.07,0.926,52.9856,0.668,51.9269,-1.343,53.5775,1.793
CW,2023-06-02,165.7835,-56.6,0.893,182.2914,9.958,204.0481,23.081,217.844,31.403
CYRX,2023-06-02,19.64,-71.69,0.907,17.25,-12.169,14.14,-28.004,14.82,-24.542
DE,2023-06-02,354.9828,-70.32,0.951,388.823,9.533,374.448,5.483,355.1599,0.05
DIS,2023-06-02,88.0072,-77.75,0.871,86.5626,-1.641,80.8228,-8.163,89.7622,1.994
DKS,2023-06-02,118.6334,-77.25,0.8,123.037,3.712,103.9378,-12.387,129.8673,9.469
DPZ,2023-06-02,288.3185,-74.53,0.931,321.7501,11.595,363.5026,26.077,380.379,31.93
FATE,2023-06-02,5.25,-77.33,0.865,4.76,-9.333,2.63,-49.905,2.65,-49.524
GLW,2023-06-02,29.3961,-77.96,0.874,32.6893,11.203,30.2544,2.92,27.4012,-6.786
GTES,2023-06-02,12.45,-67.12,0.966,13.48,8.273,11.79,-5.301,12.6,1.205
JD,2023-06-02,32.3046,-76.48,0.992,31.1193,-3.669,30.0525,-6.972,24.7641,-23.342
LHX,2023-06-02,171.7367,-78.26,0.851,184.5071,7.436,168.193,-2.063,185.8014,8.19
LMT,2023-06-02,416.7875,-73.9,0.825,422.1891,1.296,413.6696,-0.748,417.8377,0.252
LNG,2023-06-02,141.222,-66.8,0.875,147.6064,4.521,156.5521,10.855,176.8289,25.213
LYFT,2023-06-02,9.58,-48.97,0.766,9.59,0.104,10.22,6.681,13.14,37.161
PCRX,2023-06-02,39.09,-79.45,0.983,40.07,2.507,37.16,-4.937,27.81,-28.856
PRCH,2023-06-02,1.4,-71.85,0.746,1.38,-1.429,0.795,-43.214,1.68,20.0
PSNL,2023-06-02,2.06,-79.61,0.892,1.88,-8.738,1.5,-27.184,1.47,-28.641
QS,2023-06-02,6.66,-75.98,0.8,7.99,19.97,6.91,3.754,6.83,2.553
RTX,2023-06-02,89.8744,-66.47,0.838,91.633,1.957,79.7729,-11.24,78.112,-13.088
TCEHY,2023-06-02,41.5838,-64.22,0.878,41.2826,-0.724,39.592,-4.79,39.8738,-4.112
TDOC,2023-06-02,24.48,-69.23,0.642,25.32,3.431,22.04,-9.967,18.97,-22.508
VEEV,2023-06-02,195.0,-13.52,0.783,197.73,1.4,189.13,-3.01,178.84,-8.287
XYZ,2023-06-02,63.46,-70.0,0.671,66.57,4.901,55.86,-11.976,65.04,2.49
CDNA,2023-06-09,7.79,-66.31,0.992,10.09,29.525,9.73,24.904,9.81,25.931
ETSY,2023-06-09,91.24,-74.33,0.835,82.76,-9.294,74.635,-18.199,80.08,-12.231
NBIX,2023-06-09,93.39,-77.03,0.944,94.02,0.675,110.63,18.46,117.28,25.581
PODD,2023-06-09,283.09,-78.66,0.859,278.67,-1.561,192.18,-32.113,194.66,-31.237
REGN,2023-06-09,739.5411,-76.07,0.839,685.9766,-7.243,823.8554,11.401,832.2859,12.541
S,2023-06-09,14.55,-77.74,0.945,14.29,-1.787,17.21,18.282,24.0,64.948
SE,2023-06-09,63.38,-77.65,0.713,54.98,-13.253,38.52,-39.224,40.0,-36.889
TASK,2023-06-09,7.8727,-78.86,0.807,7.573,-3.807,6.5563,-16.721,8.0943,2.815
TREE,2023-06-09,21.55,-72.07,0.798,21.35,-0.928,18.73,-13.086,23.72,10.07
TSCO,2023-06-09,40.8025,-73.46,0.923,40.7349,-0.166,41.625,2.016,40.2388,-1.381
AZO,2023-06-16,2493.8301,-54.26,0.958,2556.5901,2.517,2619.29,5.031,2628.05,5.382
CDXS,2023-06-16,2.88,-69.74,0.923,3.14,9.028,1.72,-40.278,2.88,0.0
COIN,2023-06-16,55.59,-76.48,0.744,105.31,89.441,82.09,47.67,147.9,166.055
GWRE,2023-06-16,72.72,-75.77,0.827,78.87,8.457,94.15,29.469,100.02,37.541
RDW,2023-06-16,2.82,-61.16,0.702,3.38,19.858,3.1,9.929,2.76,-2.128
TDY,2023-06-16,406.43,-67.66,0.849,411.53,1.255,410.22,0.933,425.92,4.795
UPS,2023-06-16,149.0688,-58.24,0.853,154.6449,3.741,135.6456,-9.005,138.8533,-6.853
MTLS,2023-06-23,8.39,-62.41,0.875,8.53,1.669,5.89,-29.797,6.72,-19.905
AVAV,2023-06-30,102.28,-41.86,0.831,95.03,-7.088,112.33,9.826,126.04,23.23
CMPS,2023-06-30,8.28,-71.47,0.724,9.09,9.783,7.86,-5.072,8.75,5.676
DOCU,2023-06-30,51.09,-76.05,0.662,52.86,3.464,41.5,-18.771,59.45,16.363
HIMS,2023-06-30,9.4,-70.33,0.887,8.64,-8.085,6.01,-36.064,8.9,-5.319
JTKWY,2023-06-30,3.03,-66.67,0.74,3.58,18.152,2.66,-12.211,3.0,-0.99
ONDS,2023-07-07,1.03,-52.53,0.941,1.47,42.718,0.61,-40.777,1.82,76.699
AWK,2023-07-14,135.2283,-47.4,0.817,130.3197,-3.63,110.4742,-18.305,123.6013,-8.598
BEKE,2023-07-14,14.0238,-76.63,0.824,15.0912,7.611,14.8503,5.894,13.734,-2.067
CERT,2023-07-14,19.25,-67.81,0.807,16.67,-13.403,14.38,-25.299,16.34,-15.117
HYFM,2023-07-14,9.7,-71.01,0.768,10.2,5.155,10.7,10.309,9.4,-3.093
KO,2023-07-14,55.7541,-63.6,0.8,56.0013,0.443,49.0358,-12.05,56.1695,0.745
MELI,2023-07-14,1135.72,-75.98,0.728,1330.0,17.106,1237.53,8.964,1658.58,46.038
NTRA,2023-07-14,49.56,-65.86,0.736,56.21,13.418,43.55,-12.127,60.89,22.861
PD,2023-07-14,24.11,-78.83,0.841,23.98,-0.539,21.88,-9.249,26.23,8.793
PHR,2023-07-14,33.72,-17.34,0.789,27.95,-17.112,18.26,-45.848,24.15,-28.381
RPD,2023-07-14,43.37,-79.15,0.749,50.9,17.362,47.28,9.015,55.05,26.931
TDOC,2023-07-14,24.77,-65.1,0.647,24.06,-2.866,18.7,-24.505,20.87,-15.745
TMO,2023-07-14,524.3036,-67.03,0.844,538.5859,2.724,494.1264,-5.756,539.8547,2.966
TNDM,2023-07-14,30.13,-67.21,0.827,28.44,-5.609,19.19,-36.309,25.66,-14.836
ZETA,2023-07-14,9.2,-51.62,0.715,8.17,-11.196,8.5,-7.609,9.65,4.891
ABBV,2023-07-21,129.5941,-59.21,0.937,135.3642,4.452,134.734,3.966,151.475,16.884
AQB,2023-07-21,8.08,-76.4,0.853,4.58,-43.317,4.1,-49.257,1.91,-76.361
ARGX,2023-07-21,548.43,-1.28,0.889,488.59,-10.911,493.48,-10.02,366.9,-33.1
BEAM,2023-07-21,32.07,-70.04,0.663,23.34,-27.222,22.26,-30.589,23.69,-26.13
BJ,2023-07-21,65.11,-73.85,0.843,69.31,6.451,69.11,6.143,65.69,0.891
BMY,2023-07-21,56.1645,-63.28,0.902,53.8894,-4.051,49.533,-11.807,44.4644,-20.832
ILMN,2023-07-21,185.3016,-78.46,0.809,162.6654,-12.216,125.5934,-32.222,132.179,-28.668
INCY,2023-07-21,64.15,-76.35,0.947,64.04,-0.171,57.61,-10.195,61.49,-4.147
LRN,2023-07-21,38.0,-75.79,0.787,40.7,7.105,45.32,19.263,61.64,62.211
MKTX,2023-07-21,257.6245,-73.33,0.969,236.9235,-8.035,227.9315,-11.526,254.6811,-1.143
PLUR,2023-07-21,6.4,-71.05,0.979,5.52,-13.75,4.24,-33.75,4.64,-27.5
PSNL,2023-07-21,2.25,-64.03,0.724,1.74,-22.667,1.06,-52.889,1.5,-33.333
VERX,2023-07-21,19.1,-79.15,0.902,20.62,7.958,23.43,22.67,25.53,33.665
OKTA,2023-07-28,73.98,-70.99,0.571,72.23,-2.365,75.57,2.149,84.77,14.585
PL,2023-07-28,3.45,-77.5,0.896,3.12,-9.565,2.14,-37.971,2.29,-33.623
MCRB,2023-08-04,98.8,-67.01,0.953,72.6,-26.518,27.6,-72.065,22.0,-77.733
PCRX,2023-08-04,39.48,-62.81,0.92,35.53,-10.005,27.57,-30.167,30.34,-23.151
ARRY,2023-08-11,23.59,-18.13,0.769,23.43,-0.678,18.13,-23.145,15.22,-35.481
CLLS,2023-08-11,1.94,-80.0,0.903,1.75,-9.794,2.86,47.423,3.06,57.732
DIS,2023-08-11,86.3105,-79.41,0.744,79.097,-8.358,82.4807,-4.437,105.4335,22.156
HON,2023-08-11,177.1372,-78.83,0.901,171.4237,-3.225,175.5764,-0.881,182.0763,2.788
MASS,2023-08-11,7.21,-72.81,0.821,6.41,-11.096,6.58,-8.738,7.15,-0.832
TDY,2023-08-11,383.39,-77.98,0.9,410.22,6.998,379.46,-1.025,434.03,13.208
HXL,2023-08-18,68.8765,-66.82,0.839,66.3881,-3.613,63.1999,-8.242,72.207,4.835
NOC,2023-08-18,409.2742,-79.36,0.776,414.2253,1.21,442.6818,8.163,432.6349,5.708
AWK,2023-08-25,130.5241,-72.35,0.804,122.9299,-5.818,123.4985,-5.383,111.8604,-14.299
BIDU,2023-08-25,133.83,-58.98,0.854,132.35,-1.106,108.1,-19.226,111.36,-16.79
CRM,2023-08-25,205.9077,-75.62,0.692,202.9194,-1.451,217.4579,5.609,287.8206,39.781
FLUT,2023-08-25,178.0,-69.57,0.977,174.86,-1.764,155.01,-12.916,211.98,19.09
GTES,2023-08-25,11.79,-79.56,0.916,11.56,-1.951,12.05,2.205,14.64,24.173
MCD,2023-08-25,263.2921,-71.46,0.825,253.2108,-3.829,256.4944,-2.582,278.6176,5.821
PYPL,2023-08-25,60.6646,-79.74,0.858,57.383,-5.409,56.0545,-7.599,58.652,-3.318
SHOP,2023-08-25,55.54,-78.55,0.701,53.08,-4.429,68.34,23.046,76.24,37.27
TASK,2023-08-25,6.4716,-75.54,0.918,6.3477,-1.914,8.2703,27.794,7.9966,23.564
XMTR,2023-08-25,17.67,-78.6,0.866,16.68,-5.603,18.96,7.301,29.88,69.1
ALB,2023-09-01,191.258,-69.22,0.786,162.7491,-14.906,123.3444,-35.509,137.0686,-28.333
AMBA,2023-09-01,63.73,-79.59,0.983,53.03,-16.79,55.82,-12.412,57.16,-10.309
BEKE,2023-09-01,17.1702,-23.24,0.788,14.5595,-15.205,15.0942,-12.091,12.4581,-27.443
BFLY,2023-09-01,1.86,-77.98,0.858,1.18,-36.559,1.0,-46.237,1.3,-30.108
CERT,2023-09-01,16.48,-77.71,0.901,14.54,-11.772,14.97,-9.163,18.3,11.044
CRSP,2023-09-01,50.53,-79.83,0.764,45.39,-10.172,69.97,38.472,83.75,65.743
DIOD,2023-09-01,82.83,-72.37,0.981,78.84,-4.817,68.71,-17.047,70.02,-15.465
DOCU,2023-09-01,51.67,-72.24,0.596,42.0,-18.715,42.74,-17.283,54.58,5.632
DT,2023-09-01,48.19,-72.45,0.731,46.73,-3.03,52.21,8.342,49.05,1.785
ESTC,2023-09-01,74.27,-10.54,0.644,81.24,9.385,77.45,4.282,117.01,57.547
FOUR,2023-09-01,57.79,-72.82,0.897,55.37,-4.188,63.8,10.4,83.54,44.558
HUYA,2023-09-01,1.0113,-75.66,0.953,1.0797,6.764,1.4637,44.733,1.4257,40.974
ISRG,2023-09-01,310.41,-63.07,0.896,292.29,-5.837,318.01,2.448,397.9,28.185
JD,2023-09-01,31.0919,-75.6,0.854,26.5603,-14.575,26.223,-15.66,20.9711,-32.551
NIU,2023-09-01,3.27,-78.68,0.818,2.83,-13.456,2.36,-27.829,1.81,-44.648
NOVT,2023-09-01,168.27,-49.5,0.899,143.44,-14.756,144.41,-14.18,175.28,4.166
NTDOY,2023-09-01,10.5471,-77.51,0.904,10.2212,-3.09,11.3371,7.49,13.8653,31.46
PACB,2023-09-01,11.41,-65.69,0.755,8.35,-26.819,8.55,-25.066,5.19,-54.514
PAYC,2023-09-01,288.638,-77.1,0.85,253.0011,-12.347,174.543,-39.529,181.0368,-37.279
PHR,2023-09-01,30.12,-54.76,0.863,18.68,-37.981,15.69,-47.908,24.98,-17.065
PRLB,2023-09-01,30.03,-74.97,0.756,26.4,-12.088,37.1,23.543,35.67,18.781
PSNL,2023-09-01,1.85,-63.29,0.818,1.21,-34.595,1.58,-14.595,1.69,-8.649
RNG,2023-09-01,31.7596,-71.97,0.717,29.4719,-7.203,29.1536,-8.205,33.6893,6.076
SNAP,2023-09-01,10.44,-68.59,0.639,8.91,-14.655,12.52,19.923,11.25,7.759
SNOW,2023-09-01,157.08,-71.52,0.797,152.77,-2.744,171.16,8.964,186.72,18.869
SPOT,2023-09-01,157.56,-46.31,0.741,154.64,-1.853,181.7,15.321,263.75,67.397
TXG,2023-09-01,54.05,-50.96,0.672,41.25,-23.682,43.36,-19.778,45.56,-15.708
BEAM,2023-09-08,25.55,-76.83,0.748,21.43,-16.125,29.57,15.734,37.53,46.888
HDB,2023-09-08,31.4198,-74.64,0.853,28.9447,-7.878,29.6379,-5.671,27.28,-13.176
PW,2023-09-08,18.0,-26.61,0.743,7.6,-57.778,6.3,-65.0,6.2,-65.556
WSC,2023-09-08,41.2958,-79.86,0.953,40.9223,-0.904,41.8461,1.333,45.8165,10.947
ZETA,2023-09-08,8.12,-64.94,0.928,8.5,4.68,8.44,3.941,10.2,25.616
BE,2023-09-15,15.12,-75.68,0.782,11.43,-24.405,13.91,-8.003,9.26,-38.757
C,2023-09-15,38.9635,-71.66,0.871,37.7958,-2.997,45.1804,15.956,53.7469,37.942
CMS,2023-09-15,52.0178,-67.54,0.874,49.1173,-5.576,53.3482,2.558,53.5354,2.917
JTKWY,2023-09-15,2.74,-77.04,0.869,2.42,-11.679,3.168,15.62,2.853,4.124
TMO,2023-09-15,510.9558,-78.22,0.923,478.5657,-6.339,485.4243,-4.997,579.7391,13.462
API,2023-09-22,2.72,-68.81,0.647,2.87,5.515,2.65,-2.574,2.52,-7.353
ESLT,2023-09-22,196.8552,-76.27,0.832,187.7096,-4.646,202.0312,2.629,198.4725,0.822
BILL,2023-09-29,108.57,-68.02,0.639,89.52,-17.546,83.57,-23.027,68.72,-36.704
CGEN,2023-09-29,0.93,-77.19,0.781,0.68,-26.882,1.68,80.645,2.58,177.419
DDOG,2023-09-29,91.09,-78.86,0.737,81.68,-10.33,122.49,34.471,123.6,35.69
EQIX,2023-09-29,681.5591,-77.89,0.869,666.666,-2.185,754.6761,10.728,782.6818,14.837
EQT,2023-09-29,38.9018,-60.78,0.707,40.2152,3.376,37.517,-3.56,35.8337,-7.887
GH,2023-09-29,29.64,-72.97,0.746,24.96,-15.789,28.75,-3.003,20.63,-30.398
HEI,2023-09-29,161.5073,-77.97,0.967,156.9293,-2.835,179.3107,11.023,190.6086,18.019
HUBS,2023-09-29,492.5,-77.11,0.74,416.27,-15.478,579.9,17.746,626.56,27.22
KLAC,2023-09-29,44.7866,-76.87,0.931,44.7153,-0.159,57.0504,27.383,68.5528,53.065
LNN,2023-09-29,113.6123,-67.83,0.905,121.2875,6.756,129.382,13.88,114.2227,0.537
LYFT,2023-09-29,10.54,-67.16,0.738,9.26,-12.144,15.35,45.636,19.35,83.586
MASS,2023-09-29,6.66,-69.63,0.696,5.14,-22.823,9.33,40.09,7.55,13.363
NET,2023-09-29,63.04,-65.19,0.7,55.35,-12.199,84.32,33.756,96.83,53.601
NOC,2023-09-29,420.6275,-45.76,0.762,452.0463,7.47,444.3104,5.63,461.0959,9.621
NVDA,2023-09-29,43.418,-66.53,0.911,40.4246,-6.894,48.7434,12.265,90.1999,107.748
PLTR,2023-09-29,16.0,-64.63,0.901,15.07,-5.813,17.41,8.812,23.01,43.813
SE,2023-09-29,43.95,-71.81,0.93,39.97,-9.056,38.58,-12.218,53.71,22.207
SFIX,2023-09-29,3.45,-73.53,0.846,3.27,-5.217,3.8,10.145,2.64,-23.478
SITM,2023-09-29,114.25,-72.3,0.774,98.95,-13.392,126.67,10.871,93.23,-18.398
TER,2023-09-29,99.4175,-76.97,0.872,82.97,-16.544,106.64,7.265,111.9244,12.58
TRMB,2023-09-29,53.86,-31.25,0.79,46.08,-14.445,52.44,-2.636,64.36,19.495
AAPL,2023-10-06,175.1215,-67.47,0.825,174.2927,-0.473,190.211,8.617,167.7513,-4.209
CNM,2023-10-06,30.36,-53.14,0.798,31.89,5.04,40.41,33.103,59.25,95.158
CPRT,2023-10-06,44.83,-51.36,0.872,45.93,2.454,49.0,9.302,56.55,26.143
CRM,2023-10-06,203.8336,-75.64,0.755,203.9417,0.053,258.665,26.9,297.1633,45.787
CTAS,2023-10-06,120.1128,-62.97,0.859,126.2468,5.107,147.1229,22.487,164.8302,37.23
DGX,2023-10-06,117.8583,-79.21,0.899,127.0009,7.757,130.7661,10.952,125.2581,6.279
DIS,2023-10-06,80.4156,-69.49,0.77,82.4807,2.568,87.8272,9.217,115.151,43.195
EW,2023-10-06,73.7,-79.54,0.864,67.07,-8.996,76.25,3.46,92.7,25.78
GMED,2023-10-06,52.81,-71.42,0.89,46.99,-11.021,53.29,0.909,51.83,-1.856
HXL,2023-10-06,65.5716,-74.93,0.885,61.924,-5.563,71.8292,9.543,70.3232,7.246
MDB,2023-10-06,353.62,-73.61,0.676,343.11,-2.972,408.85,15.618,362.82,2.602
MGA,2023-10-06,48.5535,-79.93,0.857,47.9531,-1.237,53.384,9.949,47.5645,-2.037
MRK,2023-10-06,95.3585,-77.1,0.962,94.8995,-0.481,100.8015,5.708,119.092,24.889
MRVL,2023-10-06,54.0876,-79.5,0.816,50.9433,-5.813,59.8207,10.6,72.1368,33.37
MSFT,2023-10-06,319.7705,-68.51,0.784,344.7259,7.804,368.1798,15.139,417.396,30.53
ORLY,2023-10-06,60.1433,-78.62,0.897,63.5227,5.619,63.3387,5.313,74.504,23.877
PCTY,2023-10-06,203.09,-49.73,0.732,145.26,-28.475,164.85,-18.829,165.07,-18.721
RBLX,2023-10-06,30.46,-73.89,0.804,34.9,14.576,45.72,50.098,37.82,24.163
SLP,2023-10-06,43.4117,-68.0,0.787,36.3312,-16.31,44.5552,2.634,47.5653,9.568
TSM,2023-10-06,86.0212,-76.81,0.899,88.4297,2.8,100.6648,17.023,137.3824,59.708
XENE,2023-10-06,35.61,-60.41,0.912,32.88,-7.666,46.06,29.346,42.25,18.646
XMTR,2023-10-06,17.71,-75.55,0.718,16.84,-4.912,35.91,102.767,17.86,0.847
IQV,2023-10-13,199.36,-78.63,0.823,195.98,-1.695,220.52,10.614,234.23,17.491
LHX,2023-10-13,168.1193,-60.17,0.9,172.7956,2.782,195.8411,16.489,194.4154,15.641
LMT,2023-10-13,407.1717,-42.71,0.931,410.6889,0.864,424.4297,4.239,421.8307,3.6
NOVT,2023-10-13,147.63,-77.13,0.99,123.25,-16.514,153.88,4.234,163.0,10.411
UNP,2023-10-13,195.3653,-78.82,0.799,198.8824,1.8,226.8741,16.128,222.8071,14.046
WFC,2023-10-13,38.0845,-69.71,0.889,38.3583,0.719,46.8293,22.961,53.3458,40.072
ABT,2023-10-20,91.4229,-72.14,0.995,94.0396,2.862,108.134,18.279,102.3363,11.937
MSTR,2023-10-20,34.804,-74.4,0.689,48.622,39.702,48.553,39.504,117.411,237.349
NFLX,2023-10-20,40.096,-59.91,0.976,46.591,16.199,49.216,22.745,55.504,38.428
SNAP,2023-10-20,9.44,-78.36,0.7,11.89,25.953,16.43,74.047,11.16,18.22
AMZN,2023-10-27,127.74,-65.87,0.804,146.74,14.874,155.34,21.606,179.62,40.614
CIFR,2023-10-27,3.32,-43.98,0.655,2.69,-18.976,2.68,-19.277,4.5,35.542
CLSK,2023-10-27,4.15,-77.87,0.88,5.58,34.458,6.87,65.542,19.23,363.373
HLT,2023-10-27,148.0761,-71.14,0.847,168.7275,13.946,186.1745,25.729,200.9711,35.722
PCAR,2023-10-27,74.6214,-69.51,0.991,82.6787,10.798,89.4253,19.839,104.2782,39.743
SYRS,2023-10-27,2.52,-79.63,0.795,2.8,11.111,6.46,156.349,5.04,100.0
ABBV,2023-11-03,128.7786,-68.87,0.963,130.5908,1.407,151.1348,17.36,151.9802,18.017
ABNB,2023-11-03,122.64,-77.45,0.876,135.02,10.095,149.62,21.999,159.71,30.227
ACHR,2023-11-03,5.47,-65.16,0.904,6.3,15.174,4.9,-10.42,3.96,-27.605
ACN,2023-11-03,298.0456,-38.37,0.837,321.4052,7.838,354.0771,18.8,290.924,-2.389
ADBE,2023-11-03,563.66,-14.19,0.865,612.47,8.659,613.93,8.918,486.18,-13.746
ADSK,2023-11-03,203.98,-62.88,0.794,224.93,10.271,253.07,24.066,215.19,5.496
AI,2023-11-03,28.59,-75.4,0.928,30.89,8.045,25.12,-12.137,24.04,-15.915
AOSL,2023-11-03,25.81,-75.69,0.84,21.74,-15.769,26.8,3.836,22.36,-13.367
APH,2023-11-03,41.4719,-41.65,0.881,45.1461,8.859,49.3797,19.068,60.2536,45.288
ASML,2023-11-03,628.2439,-49.04,0.904,676.9359,7.75,848.6147,35.077,885.1278,40.889
ASND,2023-11-03,94.65,-55.76,0.812,104.05,9.931,132.455,39.942,137.2,44.955
ASTS,2023-11-03,4.14,-35.32,0.744,5.18,25.121,2.79,-32.609,2.45,-40.821
ATAI,2023-11-03,1.32,-74.53,0.839,1.12,-15.152,1.72,30.303,2.05,55.303
BA,2023-11-03,195.05,-71.88,0.989,233.87,19.903,205.47,5.342,179.79,-7.824
BABA,2023-11-03,80.2812,-73.21,0.757,69.6285,-13.269,70.5835,-12.08,77.5646,-3.384
BEAM,2023-11-03,24.49,-50.2,0.857,29.57,20.743,24.29,-0.817,23.13,-5.553
BKNG,2023-11-03,111.9715,-75.76,0.905,123.7536,10.522,137.8557,23.117,140.4774,25.458
BL,2023-11-03,55.19,-41.4,0.834,60.0,8.715,59.95,8.625,60.91,10.364
BLK,2023-11-03,618.5928,-56.42,0.866,711.0851,14.952,745.1219,20.454,727.4716,17.601
BRK-B,2023-11-03,351.81,-50.35,0.883,357.07,1.495,385.4,9.548,400.87,13.945
C,2023-11-03,39.0535,-50.28,0.956,43.6464,11.761,49.5978,27.0,57.8934,48.241
CDNA,2023-11-03,6.31,-78.43,0.957,9.88,56.577,9.02,42.948,9.72,54.041
CDXS,2023-11-03,1.93,-79.22,0.99,2.47,27.979,2.78,44.041,3.92,103.109
CLLS,2023-11-03,2.86,-16.32,0.732,3.04,6.294,2.97,3.846,2.99,4.545
COIN,2023-11-03,85.8,-47.1,0.616,133.76,55.897,125.2,45.921,223.25,160.198
CRDO,2023-11-03,14.85,-63.07,0.814,19.07,28.418,20.84,40.337,17.18,15.69
CRSP,2023-11-03,50.99,-34.34,0.847,68.65,34.634,61.01,19.651,55.89,9.61
CSTL,2023-11-03,17.98,-28.97,0.884,19.97,11.068,21.73,20.857,24.33,35.317
DASH,2023-11-03,92.49,-3.01,0.701,96.58,4.422,108.24,17.029,113.81,23.051
DE,2023-11-03,368.0544,-71.15,0.978,355.1599,-3.503,380.4441,3.366,388.9732,5.684
DKNG,2023-11-03,33.75,-8.15,0.778,39.0,15.556,38.48,14.015,41.82,23.911
DNA,2023-11-03,65.6,-72.13,0.819,57.2,-12.805,51.6,-21.341,38.2,-41.768
DPZ,2023-11-03,346.6298,-56.08,0.931,380.379,9.736,402.6004,16.147,495.7119,43.009
DT,2023-11-03,47.66,-64.38,0.834,54.82,15.023,58.26,22.241,45.79,-3.924
ECL,2023-11-03,169.8983,-43.66,0.844,187.0369,10.088,193.5177,13.902,222.36,30.878
ESI,2023-11-03,18.7164,-47.24,0.951,20.5798,9.956,21.8098,16.528,23.1481,23.678
ESLT,2023-11-03,186.6705,-79.82,0.998,200.1785,7.236,201.3513,7.865,199.2887,6.76
FATE,2023-11-03,2.39,-71.54,0.775,2.65,10.879,4.56,90.795,4.06,69.874
FISV,2023-11-03,119.54,-42.46,0.886,130.61,9.26,141.34,18.237,149.22,24.829
FIVN,2023-11-03,63.3,-74.53,0.828,79.59,25.735,77.22,21.991,57.88,-8.562
FLYW,2023-11-03,28.47,-74.19,0.929,25.045,-12.03,21.34,-25.044,19.81,-30.418
FSLY,2023-11-03,17.56,-63.26,0.955,18.05,2.79,20.59,17.255,8.48,-51.708
GLBE,2023-11-03,37.05,-61.61,0.791,36.52,-1.43,38.75,4.588,31.92,-13.846
GLOB,2023-11-03,185.33,-51.63,0.822,226.5,22.214,238.01,28.425,185.55,0.119
GLW,2023-11-03,26.2799,-68.84,0.99,27.4012,4.267,29.3204,11.57,32.3167,22.971
GOOGL,2023-11-03,127.9653,-57.69,0.884,130.701,2.138,150.8524,17.885,165.7701,29.543
GTES,2023-11-03,11.63,-70.95,0.918,12.6,8.341,13.11,12.726,16.18,39.123
HALO,2023-11-03,35.58,-77.4,0.915,39.69,11.551,34.21,-3.85,39.91,12.17
HD,2023-11-03,275.7207,-65.43,0.877,300.1171,8.848,333.62,20.999,323.855,17.458
HON,2023-11-03,175.5764,-36.47,0.953,184.8237,5.267,188.5804,7.406,183.9885,4.791
HYFM,2023-11-03,10.7,-75.0,0.744,8.2,-23.364,10.05,-6.075,9.21,-13.925
ICE,2023-11-03,104.2981,-75.35,0.886,110.4162,5.866,123.4401,18.353,126.9985,21.765
IIPR,2023-11-03,59.5624,-38.56,0.808,62.031,4.145,70.8797,19.001,83.8325,40.747
INTU,2023-11-03,487.7155,-70.34,0.793,561.8839,15.207,628.4174,28.849,617.4326,26.597
JPM,2023-11-03,134.8547,-66.08,0.951,147.9064,9.678,163.4687,21.218,181.8208,34.827
JTKWY,2023-11-03,2.625,-67.29,0.926,3.05,16.19,3.12,18.857,2.92,11.238
LAD,2023-11-03,260.3636,-60.44,0.987,272.0323,4.482,292.4649,12.329,248.8278,-4.431
LSPD,2023-11-03,14.92,-53.78,0.761,16.95,13.606,18.8,26.005,13.49,-9.584
MA,2023-11-03,379.7743,-54.86,0.92,407.624,7.333,432.0811,13.773,437.6621,15.243
MAR,2023-11-03,186.0047,-64.48,0.875,203.9996,9.674,235.5041,26.612,229.1615,23.202
MARA,2023-11-03,9.41,-78.83,0.731,13.7,45.59,17.85,89.692,17.52,86.185
MCO,2023-11-03,323.4603,-41.05,0.903,362.9066,12.195,380.7463,17.71,373.0515,15.331
MELI,2023-11-03,1387.79,-20.54,0.817,1652.01,19.039,1795.8,29.4,1630.5601,17.493
MTLS,2023-11-03,5.68,-76.04,0.854,6.37,12.148,5.83,2.641,5.39,-5.106
NTDOY,2023-11-03,10.6656,-47.97,0.878,11.584,8.611,13.2332,24.074,12.2259,14.629
NTLA,2023-11-03,28.76,-70.62,0.861,30.84,7.232,24.68,-14.186,23.6,-17.942
NXPI,2023-11-03,172.9342,-74.78,0.969,195.9191,13.291,205.8575,19.038,247.8107,43.298
ODFL,2023-11-03,193.0509,-56.18,0.987,199.6443,3.415,193.4048,0.183,182.5107,-5.46
OSCR,2023-11-03,5.73,-73.77,0.809,8.41,46.771,12.47,117.627,18.02,214.485
OTIS,2023-11-03,75.5865,-63.03,0.977,82.4948,9.14,84.2825,11.505,87.9305,16.331
OUST,2023-11-03,4.62,-76.01,0.726,5.87,27.056,5.55,20.13,9.66,109.091
PCRX,2023-11-03,31.04,-67.21,0.961,27.81,-10.406,32.05,3.254,27.21,-12.339
PD,2023-11-03,21.43,-67.86,0.803,21.73,1.4,23.79,11.013,20.39,-4.853
PINS,2023-11-03,30.94,-5.41,0.86,34.79,12.443,37.7,21.849,40.41,30.608
PRCH,2023-11-03,0.679,-79.44,0.903,1.68,147.423,2.35,246.097,3.44,406.627
PRLB,2023-11-03,31.69,-16.78,0.805,37.02,16.819,37.3,17.703,31.09,-1.893
PTC,2023-11-03,147.51,-7.46,0.877,159.41,8.067,180.65,22.466,175.77,19.158
PYPL,2023-11-03,55.6183,-77.75,0.893,59.1378,6.328,61.2495,10.125,65.1359,17.112
RDW,2023-11-03,2.91,-79.07,0.863,2.67,-8.247,2.86,-1.718,4.19,43.986
RIOT,2023-11-03,11.39,-73.71,0.849,13.77,20.896,11.35,-0.351,10.42,-8.516
ROKU,2023-11-03,84.75,-31.53,0.768,103.54,22.171,89.0,5.015,59.11,-30.254
ROP,2023-11-03,493.1862,-16.75,0.885,530.5182,7.57,540.2233,9.537,509.0128,3.209
SCHW,2023-11-03,53.5709,-58.67,0.893,60.8816,13.647,61.7298,15.23,73.5916,37.372
SHOP,2023-11-03,61.47,-29.99,0.885,73.86,20.156,81.55,32.666,74.46,21.132
SHW,2023-11-03,244.3218,-61.77,0.858,275.5464,12.78,294.5973,20.578,304.4993,24.63
SNA,2023-11-03,250.2019,-14.62,0.891,260.2583,4.019,269.3719,7.662,253.7871,1.433
SNOW,2023-11-03,149.99,-73.02,0.772,185.97,23.988,202.51,35.016,159.32,6.22
SPGI,2023-11-03,353.5963,-32.09,0.916,390.5507,10.451,413.3174,16.89,394.3125,11.515
TASK,2023-11-03,6.5889,-57.0,0.773,8.0683,22.452,8.7069,32.146,7.8727,19.485
TCEHY,2023-11-03,38.0472,-69.9,0.826,39.8738,4.801,35.5114,-6.665,45.8005,20.378
TDY,2023-11-03,379.46,-76.34,0.982,409.02,7.79,418.96,10.41,385.34,1.55
TOST,2023-11-03,17.49,-77.78,0.959,15.32,-12.407,17.45,-0.229,22.74,30.017
TREE,2023-11-03,16.08,-60.84,0.902,19.78,23.01,33.62,109.08,49.41,207.276
TSCO,2023-11-03,37.6157,-68.03,0.985,39.8593,5.965,43.1893,14.817,51.5068,36.929
TSLA,2023-11-03,219.96,-69.51,0.862,238.83,8.579,183.25,-16.689,181.19,-17.626
TTD,2023-11-03,79.08,-47.02,0.858,71.6,-9.459,68.01,-13.998,88.59,12.026
TWLO,2023-11-03,54.1,-76.11,0.695,66.76,23.401,71.91,32.921,61.89,14.399
UBER,2023-11-03,47.75,-18.51,0.819,57.35,20.105,65.52,37.215,69.23,44.984
V,2023-11-03,238.1074,-28.99,0.869,251.2013,5.499,262.4562,10.226,263.4853,10.658
VCYT,2023-11-03,24.46,-42.46,0.819,26.54,8.504,26.28,7.441,20.35,-16.803
VEEV,2023-11-03,194.59,-74.89,0.897,178.84,-8.094,208.73,7.267,203.45,4.553
VRSK,2023-11-03,226.1964,-54.92,0.916,238.0741,5.251,239.7966,6.013,233.4836,3.222
WDAY,2023-11-03,218.41,-67.66,0.854,272.92,24.958,288.63,32.151,255.78,17.11
WMS,2023-11-03,111.0322,-68.16,0.772,123.7989,11.498,129.3342,16.484,162.8311,46.652
XYL,2023-11-03,93.3888,-68.21,0.957,102.655,9.922,108.6383,16.329,133.0167,42.433
XYZ,2023-11-03,48.68,-76.94,0.993,65.04,33.607,64.97,33.463,69.47,42.707
ZETA,2023-11-03,8.45,-51.79,0.909,8.44,-0.118,9.92,17.396,12.82,51.716
ZM,2023-11-03,62.99,-75.81,0.748,70.29,11.589,67.74,7.541,61.82,-1.857
CYRX,2023-11-10,11.51,-62.98,0.982,15.23,32.32,15.16,31.712,13.33,15.812
DDOG,2023-11-10,103.65,-19.93,0.742,113.83,9.822,134.31,29.58,118.97,14.781
MNDY,2023-11-10,140.12,-68.71,0.874,175.03,24.914,214.06,52.769,181.76,29.717
U,2023-11-10,27.01,-73.35,0.885,32.7,21.066,32.84,21.585,21.69,-19.696
ARCT,2023-11-17,24.99,-54.62,0.969,28.88,15.566,39.64,58.623,29.78,19.168
DOCU,2023-11-17,42.95,-68.35,0.695,63.11,46.938,51.18,19.162,60.215,40.198
EQT,2023-11-17,38.8449,-66.71,0.855,36.9878,-4.781,33.0331,-14.962,39.9508,2.847
ETSY,2023-11-17,72.53,-32.63,0.875,80.68,11.237,78.09,7.666,63.97,-11.802
GENI,2023-11-17,5.11,-76.89,0.903,5.95,16.438,7.67,50.098,5.5,7.632
HDB,2023-11-17,28.3833,-78.66,0.913,32.2595,13.657,26.2401,-7.551,27.7193,-2.339
HUBS,2023-11-17,468.62,-59.45,0.907,557.72,19.013,646.63,37.986,615.34,31.309
IOVA,2023-11-17,5.05,-59.74,0.997,7.78,54.059,9.18,81.782,10.24,102.772
JD,2023-11-17,25.1744,-72.19,0.912,24.9921,-0.724,20.4058,-18.942,33.0806,31.406
KEYS,2023-11-17,133.18,-62.3,0.951,158.53,19.034,161.52,21.279,157.3,18.111
MASS,2023-11-17,6.83,-31.82,0.763,7.95,16.398,7.15,4.685,6.85,0.293
MRK,2023-11-17,93.4032,-78.47,0.969,97.1862,4.05,115.9929,24.185,122.0696,30.691
OKTA,2023-11-17,70.22,-79.84,0.867,83.17,18.442,87.85,25.107,102.96,46.625
OPEN,2023-11-17,2.45,-72.69,0.761,4.06,65.714,3.51,43.265,2.41,-1.633
QS,2023-11-17,6.06,-56.33,0.927,7.58,25.083,7.53,24.257,5.6,-7.591
RNG,2023-11-17,29.1039,-46.48,0.75,33.4406,14.901,33.5301,15.208,36.723,26.179
ROK,2023-11-17,263.3173,-62.75,0.99,291.1642,10.575,271.1997,2.993,260.4108,-1.104
SFIX,2023-11-17,3.48,-60.95,0.877,4.04,16.092,3.52,1.149,2.35,-32.471
TDOC,2023-11-17,17.17,-76.07,0.933,20.52,19.511,20.6,19.977,12.73,-25.859
UPST,2023-11-17,25.58,-63.83,0.935,44.52,74.042,33.9,32.525,25.41,-0.665
BIDU,2023-11-24,123.4,-57.89,0.915,114.74,-7.018,107.12,-13.193,100.28,-18.736
CGNX,2023-11-24,36.2849,-79.72,0.995,41.3691,14.012,37.3527,2.943,46.8637,29.155
IREN,2023-11-24,3.54,-71.26,0.797,8.37,136.441,6.81,92.373,7.83,121.186
PSNL,2023-11-24,1.58,-31.03,0.769,1.465,-7.278,1.36,-13.924,1.34,-15.19
WULF,2023-11-24,1.26,-74.66,0.754,2.15,70.635,2.49,97.619,2.07,64.286
CDLX,2023-12-01,85.0,-79.87,0.977,92.1,8.353,69.5,-18.235,87.6,3.059
CGEN,2023-12-01,0.7,-74.63,0.961,1.98,182.857,2.34,234.286,2.17,210.0
GH,2023-12-01,26.33,-74.13,0.804,27.05,2.735,19.42,-26.244,27.1,2.924
CGC,2023-12-08,8.0,-77.29,0.694,4.75,-40.625,3.21,-59.875,7.03,-12.125
GMED,2023-12-08,46.51,-75.06,0.988,52.96,13.868,54.45,17.072,65.12,40.013
RKLB,2023-12-08,4.8,-69.17,0.895,5.4,12.5,4.54,-5.417,4.44,-7.5
ARRY,2023-12-15,18.9,-58.2,0.957,14.2,-24.868,12.81,-32.222,12.42,-34.286
BABA,2023-12-15,70.1178,-78.15,0.873,68.514,-2.287,70.1448,0.039,71.4744,1.935
BEKE,2023-12-15,14.719,-55.42,0.81,13.734,-6.692,11.8296,-19.63,15.1078,2.641
DE,2023-12-15,371.7811,-47.3,0.971,373.5721,0.482,361.5775,-2.745,366.6996,-1.367
DNA,2023-12-15,64.4,-59.07,0.864,52.0,-19.255,48.8,-24.224,18.0,-72.05
PCTY,2023-12-15,165.25,-61.34,0.972,154.62,-6.433,163.74,-0.914,139.23,-15.746
TOST,2023-12-15,16.84,-60.55,0.948,17.95,6.591,24.52,45.606,22.72,34.917
CIFR,2023-12-22,4.03,-13.59,0.771,2.68,-33.499,3.53,-12.407,4.56,13.151
WMT,2023-12-22,50.7856,-64.04,0.99,52.6432,3.658,59.218,16.604,66.5032,30.949
HYFM,2023-12-29,9.18,-70.33,0.775,10.05,9.477,9.29,1.198,6.9,-24.837
TCEHY,2023-12-29,36.7162,-66.42,0.902,35.5114,-3.281,35.8612,-2.329,46.404,26.386
API,2024-01-12,2.73,-65.08,0.706,2.87,5.128,2.55,-6.593,2.55,-6.593
BABA,2024-01-26,70.5835,-63.16,0.821,72.4433,2.635,65.8722,-6.675,74.5731,5.652
BEKE,2024-01-26,13.415,-61.2,0.83,13.2649,-1.119,12.0978,-9.819,13.2614,-1.145
BIDU,2024-01-26,107.66,-64.66,0.945,111.36,3.437,95.05,-11.713,88.98,-17.351
DNA,2024-01-26,51.6,-77.63,0.998,52.8,2.326,34.6,-32.946,14.8,-71.318
JD,2024-01-26,21.7552,-64.02,0.937,21.7917,0.168,23.9265,9.981,24.9113,14.507
LNG,2024-01-26,163.3046,-67.41,0.773,153.9915,-5.703,158.1311,-3.168,173.0105,5.943
PCTY,2024-01-26,157.85,-66.6,0.895,173.42,9.864,157.22,-0.399,149.43,-5.334
PL,2024-01-26,2.29,-55.22,0.919,2.16,-5.677,1.75,-23.581,2.47,7.86
PW,2024-01-26,6.2,-78.95,0.886,6.2,-0.0,5.1,-17.742,12.4,100.0
SE,2024-01-26,39.57,-57.42,0.871,45.02,13.773,55.06,39.146,65.34,65.125
TRGP,2024-01-26,81.8433,-44.48,0.825,92.0106,12.423,107.0786,30.834,125.5698,53.427
UNH,2024-01-26,477.0801,-68.03,0.981,499.8723,4.777,476.9905,-0.019,544.5771,14.148
ACHR,2024-02-02,4.94,-79.05,0.944,4.55,-7.895,4.02,-18.623,4.02,-18.623
CDLX,2024-02-02,75.1,-78.72,0.938,83.9,11.718,123.1,63.915,71.8,-4.394
AI,2024-02-09,28.47,-52.66,0.772,31.7,11.345,24.04,-15.56,24.95,-12.364
ARRY,2024-02-09,15.22,-64.61,0.996,12.81,-15.834,13.46,-11.564,7.1,-53.351
BJ,2024-02-09,67.14,-54.1,0.872,75.48,12.422,73.98,10.188,83.56,24.456
HALO,2024-02-09,35.49,-75.8,0.877,41.73,17.582,39.91,12.454,55.2,55.537
IREN,2024-02-09,5.94,-54.35,0.94,5.35,-9.933,4.73,-20.37,7.51,26.431
KTOS,2024-02-09,18.26,-67.09,0.919,18.49,1.26,18.54,1.533,19.73,8.05
TCEHY,2024-02-09,36.0069,-62.75,0.916,33.5294,-6.881,45.8005,27.199,46.5901,29.392
AWK,2024-02-16,115.4901,-78.25,0.929,110.1491,-4.625,127.4133,10.324,134.0383,16.06
EQT,2024-02-16,33.5428,-71.09,0.905,32.3151,-3.66,37.7771,12.624,31.3587,-6.511
HUYA,2024-02-16,1.2394,-72.87,0.852,1.688,36.194,1.9633,58.408,1.9544,57.691
MTLS,2024-02-16,5.87,-74.65,0.764,4.97,-15.332,5.13,-12.606,5.37,-8.518
NIU,2024-02-16,1.93,-68.42,0.96,1.78,-7.772,2.32,20.207,1.83,-5.181
SNA,2024-02-16,248.5222,-78.59,0.952,270.8011,8.965,263.0385,5.841,260.3684,4.767
DE,2024-02-23,352.4535,-78.46,0.887,385.5087,9.379,385.1509,9.277,371.2328,5.328
DGX,2024-02-23,121.1591,-79.63,0.985,123.2756,1.747,138.4043,14.234,148.0356,22.183
LMT,2024-02-23,400.8327,-67.14,0.899,417.5974,4.182,436.6284,8.93,523.3099,30.556
ZM,2024-02-23,63.4,-77.72,0.808,65.96,4.038,64.16,1.199,70.14,10.631
AOSL,2024-03-01,22.86,-77.83,0.981,22.04,-3.587,28.34,23.972,41.81,82.896
BILL,2024-03-01,65.98,-79.69,0.909,68.72,4.153,52.16,-20.946,54.56,-17.308
CDNA,2024-03-01,12.01,-18.04,0.725,10.59,-11.823,15.94,32.723,30.73,155.87
FSLR,2024-03-01,158.05,-47.23,0.993,168.8,6.802,276.74,75.096,227.37,43.86
MXL,2024-03-01,20.3,-58.81,0.933,18.67,-8.03,18.43,-9.212,15.18,-25.222
OUST,2024-03-01,5.56,-76.77,0.606,7.94,42.806,11.5,106.835,7.09,27.518
PSNL,2024-03-01,1.69,-54.76,0.798,1.49,-11.834,1.34,-20.71,5.44,221.893
TGTX,2024-03-01,17.96,-45.42,0.725,15.21,-15.312,16.71,-6.96,23.49,30.791
TSLA,2024-03-01,202.64,-69.34,0.939,175.79,-13.25,179.24,-11.548,214.11,5.66
TWLO,2024-03-01,60.4,-78.62,0.816,61.15,1.242,59.05,-2.235,62.76,3.907
ENR,2024-03-08,25.385,-78.44,0.979,24.642,-2.927,25.5645,0.707,28.1053,10.716
ETSY,2024-03-08,72.31,-72.86,0.874,64.98,-10.137,63.47,-12.225,53.19,-26.442
VMI,2024-03-08,210.7538,-75.3,0.885,220.3527,4.555,247.097,17.244,262.2857,24.451
ACHR,2024-03-15,5.02,-66.17,0.906,4.01,-20.12,3.36,-33.068,3.31,-34.064
AQB,2024-03-15,2.16,-75.42,0.976,1.86,-13.889,1.84,-14.815,1.0,-53.704
BEKE,2024-03-15,13.1617,-61.22,0.786,12.6555,-3.846,15.3097,16.32,12.8767,-2.165
BIDU,2024-03-15,103.86,-69.24,0.952,97.54,-6.085,95.89,-7.674,83.65,-19.459
GLOB,2024-03-15,216.59,-78.24,0.857,192.34,-11.196,154.17,-28.819,197.0,-9.045
JTKWY,2024-03-15,2.853,-77.04,0.817,3.09,8.307,2.549,-10.655,2.67,-6.414
LNG,2024-03-15,157.4672,-62.68,0.795,153.0738,-2.79,156.24,-0.779,175.7155,11.589
PDD,2024-03-15,123.74,-66.3,0.929,115.5,-6.659,143.9,16.292,94.99,-23.234
CGC,2024-03-22,7.69,-5.73,0.449,7.93,3.121,7.24,-5.852,4.64,-39.662
GLBE,2024-03-22,36.71,-55.68,0.974,33.0,-10.106,32.0,-12.83,38.05,3.65
HYFM,2024-03-22,9.29,-41.72,0.583,9.0,-3.122,7.79,-16.146,6.54,-29.602
MELI,2024-03-22,1571.99,-73.34,0.921,1356.4301,-13.713,1582.14,0.646,2103.75,33.827
MGA,2024-03-22,49.971,-63.01,0.849,44.0642,-11.82,38.8417,-22.272,39.1223,-21.71
MKTX,2024-03-22,213.0174,-77.93,0.992,196.0202,-7.979,193.0409,-9.378,248.8418,16.818
OPEN,2024-03-22,2.98,-79.83,0.869,2.17,-27.181,2.06,-30.872,2.08,-30.201
PD,2024-03-22,22.38,-68.03,0.982,20.61,-7.909,21.58,-3.575,18.06,-19.303
WDAY,2024-03-22,277.5,-69.33,0.921,252.22,-9.11,209.48,-24.512,248.29,-10.526
AFRM,2024-03-29,37.26,-75.99,0.878,33.33,-10.547,29.87,-19.834,41.16,10.467
AWK,2024-03-29,114.9165,-67.03,0.907,113.5718,-1.17,123.4463,7.423,137.7937,19.908
CLLS,2024-03-29,2.65,-75.0,0.803,2.506,-5.434,1.89,-28.679,2.184,-17.585
EQIX,2024-03-29,782.6818,-67.76,0.986,693.8046,-11.355,729.3763,-6.811,845.9284,8.081
ESLT,2024-03-29,206.5588,-56.28,0.935,197.7423,-4.268,179.2298,-13.231,192.6223,-6.747
FIVN,2024-03-29,62.11,-77.72,0.939,58.98,-5.039,41.52,-33.151,28.755,-53.703
GH,2024-03-29,20.63,-69.47,0.99,17.35,-15.899,29.56,43.286,22.88,10.906
GSAT,2024-03-29,22.05,-75.0,1.0,19.35,-12.245,15.6,-29.252,18.45,-16.327
LNN,2024-03-29,114.2227,-73.48,0.832,112.8442,-1.207,111.1062,-2.728,121.233,6.137
MTLS,2024-03-29,5.28,-79.71,0.858,5.24,-0.758,5.03,-4.735,5.34,1.136
PCRX,2024-03-29,29.22,-78.44,0.946,26.33,-9.89,28.65,-1.951,14.54,-50.24
PRLB,2024-03-29,35.75,-70.02,0.931,31.37,-12.252,30.07,-15.888,29.42,-17.706
RBLX,2024-03-29,38.18,-79.47,0.792,36.01,-5.684,36.16,-5.291,44.18,15.715
SFIX,2024-03-29,2.64,-73.42,0.973,2.16,-18.182,3.92,48.485,2.84,7.576
SPGI,2024-03-29,394.5628,-73.31,0.851,385.5948,-2.273,408.195,3.455,477.3685,20.987
GENI,2024-04-05,6.19,-63.97,0.871,5.32,-14.055,5.45,-11.955,7.45,20.355
NIU,2024-04-05,1.92,-46.97,0.872,2.29,19.271,1.74,-9.375,2.8,45.833
TMDX,2024-04-05,85.04,-32.72,0.893,127.99,50.506,150.62,77.117,138.97,63.417
AAPL,2024-04-12,174.6461,-67.47,0.989,181.3216,3.822,224.2028,28.376,225.6623,29.211
PHR,2024-04-12,23.58,-74.18,0.83,21.37,-9.372,20.15,-14.546,20.99,-10.984
PODD,2024-04-12,175.22,-73.37,0.947,165.9,-5.319,196.9,12.373,233.1,33.033
QLYS,2024-04-12,166.15,-78.35,0.96,150.31,-9.534,145.28,-12.561,125.59,-24.412
TEAM,2024-04-12,206.53,-75.39,0.814,179.75,-12.967,187.32,-9.301,187.06,-9.427
ENR,2024-04-19,25.1285,-74.21,0.946,26.9594,7.286,26.7972,6.641,29.4587,17.232
KO,2024-04-19,56.4126,-36.0,0.964,59.094,4.753,60.1855,6.688,67.0099,18.785
OPCH,2024-04-19,31.08,-78.54,0.966,29.78,-4.183,29.37,-5.502,31.64,1.802
PSNL,2024-04-19,1.29,-75.36,0.887,1.4,8.527,1.66,28.682,4.87,277.519
TASK,2024-04-19,7.4556,-78.59,0.749,9.8018,31.469,10.0886,35.316,7.8923,5.857
ALGM,2024-04-26,30.1,-35.24,0.904,30.61,1.694,28.79,-4.352,23.04,-23.455
API,2024-04-26,2.52,-78.97,0.701,2.58,2.381,2.49,-1.19,2.81,11.508
AQB,2024-04-26,1.95,-74.31,0.799,1.85,-5.128,1.63,-16.41,1.15,-41.026
BEKE,2024-04-26,14.2615,-2.53,0.76,16.0214,12.34,13.5787,-4.787,19.9834,40.122
BIDU,2024-04-26,100.52,-68.43,0.89,100.28,-0.239,90.37,-10.097,89.79,-10.674
BKNG,2024-04-26,138.2666,-74.74,0.98,149.0367,7.789,156.1455,12.931,171.521,24.051
DDOG,2024-04-26,131.45,-35.43,0.809,123.6,-5.972,119.03,-9.448,126.6,-3.69
DOCN,2024-04-26,33.51,-79.43,0.778,36.19,7.998,32.82,-2.059,41.04,22.471
ESTC,2024-04-26,107.43,-67.0,0.973,104.95,-2.308,111.84,4.105,79.35,-26.138
GWRE,2024-04-26,113.55,-57.33,0.892,120.92,6.491,141.56,24.668,187.11,64.782
ILMN,2024-04-26,118.9494,-79.82,0.973,103.5798,-12.921,114.49,-3.749,141.95,19.336
JOBY,2024-04-26,5.35,-57.92,0.844,4.91,-8.224,6.53,22.056,5.16,-3.551
JTKWY,2024-04-26,2.939,-62.84,0.841,2.66,-9.493,2.323,-20.96,2.36,-19.701
MNDY,2024-04-26,190.4,-75.73,0.982,243.5,27.889,228.65,20.089,299.61,57.358
NVS,2024-04-26,91.17,-59.17,0.982,94.0612,3.171,99.3008,8.918,106.4679,16.78
PDD,2024-04-26,129.31,-48.16,0.948,157.57,21.854,133.04,2.885,122.47,-5.29
PINS,2024-04-26,33.96,-69.2,0.888,41.44,22.026,40.78,20.082,32.35,-4.741
SNAP,2024-04-26,14.55,-39.77,0.923,15.22,4.605,14.4,-1.031,10.45,-28.179
SRPT,2024-04-26,128.77,-49.7,0.749,123.46,-4.124,145.61,13.078,131.14,1.84
TENB,2024-04-26,45.99,-77.26,0.937,43.74,-4.892,43.37,-5.697,41.63,-9.48
TWLO,2024-04-26,60.89,-74.0,0.756,59.05,-3.022,58.65,-3.679,70.47,15.733
UNP,2024-04-26,230.7821,-49.36,0.894,220.5733,-4.424,231.649,0.376,221.3297,-4.096
ZM,2024-04-26,62.0,-74.88,0.825,63.01,1.629,58.87,-5.048,72.63,17.145
AI,2024-05-03,24.04,-78.92,0.867,29.57,23.003,27.73,15.349,25.03,4.118
AMBA,2024-05-03,47.85,-69.94,0.984,58.26,21.755,53.04,10.846,57.87,20.94
BFLY,2024-05-03,0.943,-72.12,0.902,0.995,5.514,1.06,12.407,2.03,115.27
CDNA,2024-05-03,9.72,-57.52,0.934,13.01,33.848,19.01,95.576,22.64,132.922
CDXS,2024-05-03,3.92,-41.6,0.674,3.38,-13.776,3.7,-5.612,3.5,-10.714
CERT,2024-05-03,17.6,-55.5,0.845,16.95,-3.693,15.72,-10.682,10.25,-41.761
CGEN,2024-05-03,2.11,-76.67,0.906,2.17,2.844,1.77,-16.114,1.71,-18.957
ENVX,2024-05-03,10.09,-35.25,0.899,10.62,5.253,14.64,45.094,9.035,-10.456
EVGN,2024-05-03,7.1,-76.74,0.897,7.5,5.634,5.14,-27.606,2.24,-68.451
FLUT,2024-05-03,196.38,-65.59,0.956,192.09,-2.185,198.63,1.146,231.16,17.711
GMED,2024-05-03,51.95,-67.45,0.941,67.11,29.182,71.89,38.383,74.88,44.139
HYFM,2024-05-03,9.21,-63.41,0.632,7.91,-14.115,6.6,-28.339,6.11,-33.659
MELI,2024-05-03,1630.5601,-38.89,0.968,1725.58,5.827,1651.6899,1.296,2054.8999,26.024
QS,2024-05-03,5.7,-75.16,0.847,5.91,3.684,7.04,23.509,5.12,-10.175
REGN,2024-05-03,948.0535,-33.57,0.914,970.997,2.42,1068.5465,12.71,835.7136,-11.85
RKLB,2024-05-03,4.0,-68.64,0.94,4.37,9.25,5.4,35.0,11.42,185.5
SHOP,2024-05-03,74.46,-72.64,0.894,59.15,-20.561,59.94,-19.5,78.99,6.084
TGTX,2024-05-03,16.19,-45.78,0.698,16.3,0.679,20.565,27.023,26.9,66.152
VEEV,2024-05-03,203.45,-78.82,0.922,174.25,-14.352,192.43,-5.417,212.78,4.586
VMI,2024-05-03,241.9958,-6.04,0.893,247.097,2.108,298.0623,23.168,312.0473,28.947
VRSK,2024-05-03,233.4836,-41.59,0.989,248.6833,6.51,275.8428,18.142,271.8126,16.416
VSAT,2024-05-03,17.21,-75.11,0.924,16.89,-1.859,20.35,18.245,9.5,-44.8
WDAY,2024-05-03,255.78,-79.13,0.956,211.45,-17.331,228.64,-10.611,239.12,-6.513
XENE,2024-05-03,43.75,-59.64,0.904,38.07,-12.983,43.96,0.48,41.69,-4.709
ADYEY,2024-05-10,13.42,-69.0,0.851,13.21,-1.565,11.51,-14.232,13.66,1.788
BLK,2024-05-10,758.6689,-48.6,0.9,736.8506,-2.876,810.9777,6.895,1002.1281,32.09
ETSY,2024-05-10,61.92,-77.55,0.97,65.28,5.426,59.35,-4.151,53.31,-13.905
GGG,2024-05-10,81.0892,-74.84,0.911,76.0333,-6.235,79.0741,-2.485,85.7339,5.728
INOD,2024-05-10,10.78,-24.22,0.762,14.56,35.065,16.77,55.566,42.78,296.846
MAR,2024-05-10,234.8957,-67.57,0.997,226.3561,-3.635,209.2839,-10.903,275.819,17.422
MKTX,2024-05-10,198.038,-74.29,0.953,191.6332,-3.234,226.2171,14.229,265.6815,34.157
PL,2024-05-10,1.94,-73.0,0.972,2.02,4.124,2.1,8.247,2.51,29.381
PW,2024-05-10,6.9,-34.09,0.571,8.7,26.087,10.0,44.928,11.1,60.87
RNG,2024-05-10,35.221,-19.44,0.761,34.107,-3.163,35.0718,-0.423,37.7674,7.23
UPST,2024-05-10,25.4,-71.01,0.879,24.59,-3.189,23.76,-6.457,81.0,218.898
V,2024-05-10,275.507,-41.78,0.921,273.9817,-0.554,262.095,-4.868,303.2974,10.087
VRTX,2024-05-10,422.78,-30.92,0.955,483.04,14.253,494.46,16.954,516.74,22.224
AFRM,2024-05-17,33.83,-76.2,0.979,30.9,-8.661,25.44,-24.8,56.15,65.977
ASTS,2024-05-17,4.54,-18.41,0.766,10.22,125.11,21.21,367.181,24.23,433.7
BILL,2024-05-17,59.28,-75.23,0.881,48.43,-18.303,46.94,-20.816,84.69,42.864
CERS,2024-05-17,1.97,-63.27,0.937,1.74,-11.675,2.14,8.629,1.72,-12.69
CRM,2024-05-17,281.1196,-63.17,0.966,228.2934,-18.791,248.9466,-11.445,321.1479,14.239
DT,2024-05-17,48.1,-56.75,0.928,45.91,-4.553,47.71,-0.811,52.35,8.836
GENI,2024-05-17,5.5,-79.37,0.938,5.17,-6.0,6.83,24.182,9.11,65.636
LSPD,2024-05-17,15.42,-7.21,0.862,14.67,-4.864,12.43,-19.39,17.27,11.997
MASS,2024-05-17,6.85,-42.23,0.823,5.81,-15.182,4.35,-36.496,2.39,-65.109
MDB,2024-05-17,370.82,-73.89,0.981,227.0,-38.784,234.9,-36.654,279.77,-24.554
MGA,2024-05-17,43.7211,-78.65,0.924,38.8417,-11.16,35.7207,-18.299,41.3375,-5.452
PATH,2024-05-17,20.41,-79.53,0.837,11.54,-43.459,11.37,-44.292,12.37,-39.392
PD,2024-05-17,21.67,-63.23,0.897,21.58,-0.415,18.4,-15.09,18.65,-13.936
PRLB,2024-05-17,32.82,-69.9,0.942,30.51,-7.038,28.32,-13.711,37.47,14.168
ASND,2024-05-24,130.41,-68.94,0.989,127.85,-1.963,138.84,6.464,129.81,-0.46
OPCH,2024-05-31,29.82,-76.18,0.955,27.7,-7.109,31.83,6.74,23.8,-20.188
ROKU,2024-05-31,57.4,-79.64,0.964,59.93,4.408,69.145,20.462,69.03,20.261
SFIX,2024-05-31,2.47,-69.06,0.908,4.15,68.016,3.89,57.49,4.76,92.713
ABT,2024-06-07,102.6225,-65.98,0.922,99.2265,-3.309,108.6235,5.848,111.3804,8.534
AEHR,2024-06-07,13.02,-62.96,0.879,11.29,-13.287,15.21,16.82,11.7,-10.138
API,2024-06-07,2.48,-76.6,0.794,2.32,-6.452,1.9,-23.387,6.16,148.387
ILMN,2024-06-07,110.6031,-69.14,0.976,108.52,-1.883,131.4,18.803,141.09,27.564
PLTR,2024-06-07,23.31,-58.44,0.904,27.23,16.817,31.48,35.049,76.34,227.499
PSNL,2024-06-07,1.35,-74.63,0.88,1.53,13.333,5.44,302.963,4.15,207.407
ZM,2024-06-07,62.84,-67.11,0.754,58.26,-7.288,69.08,9.93,86.22,37.206
AZO,2024-06-14,2835.8201,-79.74,0.954,2920.8301,2.998,3092.5601,9.053,3370.27,18.846
DDOG,2024-06-14,117.84,-58.83,0.954,127.8,8.452,107.2,-9.029,153.03,29.863
DE,2024-06-14,366.6996,-72.04,0.881,355.7965,-2.973,371.603,1.337,430.4602,17.388
EOSE,2024-06-14,0.814,-60.0,0.717,2.31,183.784,2.17,166.585,3.4,317.69
GLBE,2024-06-14,32.0,-62.12,0.979,36.81,15.031,32.76,2.375,56.46,76.437
MXL,2024-06-14,18.16,-77.7,0.979,22.6,24.449,13.13,-27.698,20.68,13.877
NET,2024-06-14,75.59,-73.02,0.96,82.21,8.758,76.05,0.609,113.6,50.284
ONDS,2024-06-14,0.786,-72.32,0.851,0.857,9.033,0.75,-4.58,1.4,78.117
SHOP,2024-06-14,67.66,-58.09,0.96,64.89,-4.094,67.01,-0.961,114.63,69.421
TOST,2024-06-14,22.72,-78.72,0.906,25.22,11.004,23.29,2.509,38.13,67.826
ABNB,2024-06-21,149.57,-70.12,0.777,147.99,-1.056,117.75,-21.274,134.21,-10.269
ACHR,2024-06-21,3.66,-69.86,0.98,4.64,26.776,3.31,-9.563,9.49,159.29
ETSY,2024-06-21,60.17,-76.39,0.908,62.76,4.304,55.65,-7.512,56.81,-5.584
FLUT,2024-06-21,189.03,-67.5,0.97,200.95,6.306,221.47,17.161,264.78,40.073
JNJ,2024-06-21,139.8549,-57.39,0.95,145.4397,3.993,156.8033,12.119,137.96,-1.355
MA,2024-06-21,448.7819,-65.76,0.963,438.4192,-2.309,487.4991,8.627,522.451,16.415
PL,2024-06-21,1.98,-69.0,0.912,2.14,8.081,2.15,8.586,4.04,104.04
V,2024-06-21,270.5897,-62.27,0.983,260.994,-3.546,283.0822,4.617,313.5863,15.89
ALRM,2024-06-28,63.54,-78.05,0.936,69.41,9.238,55.95,-11.945,62.07,-2.314
BILL,2024-06-28,52.62,-71.96,0.851,52.83,0.399,54.26,3.117,86.94,65.222
CAT,2024-06-28,323.6658,-73.37,0.984,341.9405,5.646,359.8336,11.174,357.2491,10.376
CERS,2024-06-28,1.76,-76.92,0.859,2.38,35.227,1.8,2.273,1.56,-11.364
HUBS,2024-06-28,589.79,-72.8,0.98,492.72,-16.458,526.88,-10.667,708.16,20.07
MKTX,2024-06-28,193.3398,-77.66,0.902,217.5398,12.517,248.8418,28.707,222.1408,14.897
NOC,2024-06-28,421.8129,-75.16,0.959,464.7247,10.173,510.1094,20.933,459.8021,9.006
OKTA,2024-06-28,93.61,-65.47,0.911,93.48,-0.139,75.75,-19.079,81.64,-12.787
PLUR,2024-06-28,5.78,-67.18,0.93,5.65,-2.249,5.35,-7.439,4.55,-21.28
SYM,2024-06-28,35.16,-79.63,0.856,38.8,10.353,25.17,-28.413,24.08,-31.513
TEAM,2024-06-28,176.88,-62.32,0.917,177.32,0.249,163.08,-7.802,250.11,41.401
TENB,2024-06-28,43.58,-56.33,0.914,43.2,-0.872,40.37,-7.366,39.49,-9.385
TWLO,2024-06-28,56.81,-62.28,0.771,58.85,3.591,63.22,11.283,109.29,92.378
UPST,2024-06-28,23.59,-69.34,0.797,26.11,10.682,39.74,68.461,67.98,188.173
AQB,2024-07-05,1.68,-76.56,0.622,1.68,-0.0,1.24,-26.19,0.789,-53.036
ESLT,2024-07-05,185.0865,-64.63,0.959,178.9631,-3.308,192.6223,4.072,261.5623,41.319
HUYA,2024-07-05,2.0255,-72.36,0.94,1.8123,-10.527,2.252,11.184,1.6687,-17.613
NIU,2024-07-05,1.91,-67.74,0.817,1.91,-0.0,2.22,16.23,1.77,-7.33
ODFL,2024-07-05,180.525,-72.11,0.982,192.7233,6.757,194.5534,7.771,179.1398,-0.767
PYPL,2024-07-05,59.2469,-79.97,0.897,61.4478,3.715,77.2113,30.321,86.8479,46.586
QS,2024-07-05,5.05,-78.29,0.818,6.05,19.802,6.01,19.01,6.0,18.812
SDGR,2024-07-05,20.71,-77.15,0.888,20.24,-2.269,18.74,-9.512,20.87,0.773
SSYS,2024-07-05,8.86,-76.6,0.936,7.87,-11.174,8.14,-8.126,9.08,2.483
VEEV,2024-07-05,183.46,-78.62,0.991,185.14,0.916,210.85,14.93,213.03,16.118
XYZ,2024-07-05,65.78,-79.68,0.82,60.38,-8.209,66.97,1.809,92.16,40.103
BEAM,2024-07-12,26.88,-28.94,0.917,24.46,-9.003,23.41,-12.909,26.39,-1.823
BIDU,2024-07-12,99.07,-53.84,0.873,85.1,-14.101,110.46,11.497,77.43,-21.843
CERT,2024-07-12,15.18,-65.14,0.997,12.51,-17.589,11.09,-26.943,10.61,-30.105
CRSP,2024-07-12,57.9,-59.19,0.991,47.01,-18.808,45.37,-21.641,39.69,-31.451
CWH,2024-07-12,20.4444,-53.78,0.978,19.0489,-6.826,22.531,10.206,21.0973,3.194
FLNC,2024-07-12,18.54,-67.68,0.961,16.25,-12.352,21.99,18.608,16.09,-13.215
FLYW,2024-07-12,17.37,-74.97,0.976,18.0,3.627,16.41,-5.527,17.8,2.476
GGG,2024-07-12,78.799,-75.69,0.92,77.9644,-1.059,83.5131,5.982,78.6261,-0.219
IQV,2024-07-12,224.17,-54.45,0.956,237.47,5.933,229.84,2.529,203.27,-9.323
JD,2024-07-12,26.4026,-68.34,0.841,24.2735,-8.064,44.0544,66.856,31.0453,17.584
KEYS,2024-07-12,142.11,-70.84,0.915,122.87,-13.539,156.38,10.042,161.31,13.511
LAD,2024-07-12,262.576,-45.03,0.925,277.7719,5.787,305.9966,16.536,337.3271,28.468
MASS,2024-07-12,5.32,-74.23,0.928,4.35,-18.233,3.5,-34.211,2.26,-57.519
MGA,2024-07-12,40.9223,-69.59,0.908,35.7207,-12.711,38.2654,-6.493,37.2226,-9.041
MTLS,2024-07-12,5.04,-57.5,0.747,5.5,9.127,5.14,1.984,7.39,46.627
OPEN,2024-07-12,2.26,-48.21,0.833,1.66,-26.549,1.99,-11.947,1.47,-34.956
PRLB,2024-07-12,32.04,-51.81,0.868,28.32,-11.61,28.71,-10.393,36.61,14.263
RNG,2024-07-12,30.5959,-66.75,0.892,31.8989,4.259,30.8147,0.715,32.7742,7.12
TE,2024-07-12,1.84,-74.81,0.7,1.18,-35.87,1.0,-45.652,2.35,27.717
TMO,2024-07-12,544.322,-73.07,0.905,592.0814,8.774,594.8725,9.287,539.3246,-0.918
TRMB,2024-07-12,57.35,-62.74,0.804,51.65,-9.939,62.14,8.352,70.23,22.459
UPS,2024-07-12,124.0329,-53.95,0.943,109.6299,-11.612,115.8173,-6.624,110.1232,-11.214
XENE,2024-07-12,42.92,-16.37,0.968,39.7,-7.502,40.73,-5.103,38.41,-10.508
CME,2024-07-19,184.0687,-64.13,0.994,191.4646,4.018,205.2823,11.525,221.8774,20.541
CSTL,2024-07-19,19.92,-66.96,0.88,26.99,35.492,31.31,57.179,24.94,25.201
FATE,2024-07-19,4.27,-57.68,0.81,3.4,-20.375,3.09,-27.635,1.27,-70.258
PAYC,2024-07-19,155.2562,-68.06,0.853,157.122,1.202,159.9445,3.02,206.2262,32.83
PCTY,2024-07-19,142.94,-76.29,0.954,153.77,7.577,164.51,15.09,197.0,37.82
ZM,2024-07-19,58.87,-66.84,0.791,58.07,-1.359,70.68,20.061,78.07,32.614
CLLS,2024-07-26,2.3,-69.23,0.93,2.37,3.043,1.9,-17.391,1.67,-27.391
FSLY,2024-07-26,8.21,-78.13,0.999,6.38,-22.29,7.32,-10.84,10.28,25.213
ADYEY,2024-08-09,11.84,-66.56,0.816,13.86,17.061,15.23,28.632,15.97,34.882
AI,2024-08-09,24.95,-67.38,0.843,21.3,-14.629,25.03,0.321,33.48,34.188
BILL,2024-08-09,46.94,-78.03,0.888,55.06,17.299,58.26,24.116,62.13,32.36
DOCN,2024-08-09,32.57,-56.52,0.936,36.4,11.759,40.83,25.361,44.78,37.488
IOVA,2024-08-09,9.92,-60.53,0.999,10.01,0.907,11.19,12.802,5.69,-42.641
JTKWY,2024-08-09,2.72,-41.45,0.935,2.69,-1.103,2.24,-17.647,2.44,-10.294
PDD,2024-08-09,138.04,-62.53,0.997,93.3,-32.411,120.56,-12.663,114.27,-17.22
ROKU,2024-08-09,55.1,-62.9,0.946,64.37,16.824,65.7,19.238,85.0,54.265
SE,2024-08-09,64.86,-54.35,0.766,77.18,18.995,95.38,47.055,123.0,89.639
TTD,2024-08-09,99.3,-13.18,0.957,100.31,1.017,119.19,20.03,117.29,18.117
ALGN,2024-08-16,240.35,-49.07,0.961,243.73,1.406,220.51,-8.255,206.77,-13.971
BEKE,2024-08-16,14.3096,-74.07,0.924,12.8767,-10.013,20.1854,41.062,19.7142,37.769
CDXS,2024-08-16,2.91,-79.67,0.894,2.78,-4.467,4.08,40.206,4.31,48.11
CGC,2024-08-16,7.04,-76.12,0.705,4.79,-31.96,4.24,-39.773,1.89,-73.153
SDGR,2024-08-16,19.74,-74.52,0.945,20.73,5.015,18.75,-5.015,24.85,25.887
U,2024-08-16,16.51,-74.5,0.995,19.91,20.594,20.5,24.167,21.51,30.285
EQT,2024-08-23,32.812,-69.48,0.981,33.9728,3.538,41.8349,27.499,49.3566,50.422
ETSY,2024-08-23,55.4,-74.48,0.922,53.91,-2.69,49.63,-10.415,51.26,-7.473
MARA,2024-08-23,18.69,-63.12,0.986,15.54,-16.854,21.07,12.734,14.66,-21.562
OPEN,2024-08-23,2.25,-55.63,0.901,2.08,-7.556,1.66,-26.222,1.39,-38.222
SSYS,2024-08-23,7.9,-69.93,0.987,7.58,-4.051,9.26,17.215,11.19,41.646
HYFM,2024-09-06,6.1,-55.0,0.83,6.82,11.803,8.16,33.77,3.38,-44.59
ATAI,2024-09-13,1.3,-72.73,0.987,1.1,-15.385,1.56,20.0,1.48,13.846
BEAM,2024-09-13,26.3,-65.41,0.963,24.72,-6.008,26.71,1.559,24.23,-7.871
FATE,2024-09-13,4.02,-65.74,0.897,3.09,-23.134,2.65,-34.08,0.94,-76.617
FSLR,2024-09-13,228.79,-69.94,0.985,211.49,-7.562,194.19,-15.123,132.51,-42.082
GH,2024-09-13,26.79,-75.59,0.912,21.4,-20.119,36.87,37.626,42.89,60.097
JOBY,2024-09-13,5.43,-74.59,0.869,5.69,4.788,8.84,62.799,6.24,14.917
NTLA,2024-09-13,22.07,-68.12,0.994,18.58,-15.813,14.72,-33.303,9.14,-58.586
PCT,2024-09-13,8.82,-14.46,0.632,9.4,6.576,13.18,49.433,7.7,-12.698
QS,2024-09-13,5.95,-73.61,0.905,5.62,-5.546,5.0,-15.966,4.36,-26.723
SMR,2024-09-13,9.68,-72.08,0.902,13.14,35.744,25.7,165.496,17.51,80.888
ABNB,2024-09-20,131.18,-54.06,0.972,136.45,4.017,130.95,-0.175,128.8,-1.814
AQB,2024-09-20,1.06,-78.22,0.913,1.2,13.208,0.571,-46.132,0.57,-46.226
BIDU,2024-09-20,86.24,-73.78,0.86,94.39,9.45,90.82,5.311,94.54,9.624
HUYA,2024-09-20,1.9011,-67.72,0.921,1.8938,-0.384,1.7072,-10.201,1.7621,-7.313
NIU,2024-09-20,1.88,-71.6,0.723,2.4,27.66,1.84,-2.128,3.87,105.851
CIFR,2024-09-27,4.11,-72.73,0.962,5.46,32.847,5.73,39.416,2.32,-43.552
INOD,2024-09-27,15.91,-66.24,0.935,20.3,27.593,43.01,170.333,37.39,135.009
IREN,2024-09-27,8.85,-70.99,0.909,9.25,4.52,11.81,33.446,6.07,-31.412
MTLS,2024-09-27,5.34,-68.0,0.896,5.96,11.61,7.45,39.513,4.96,-7.116
RIOT,2024-09-27,7.84,-77.95,0.95,9.64,22.959,11.55,47.321,7.41,-5.485
RPD,2024-09-27,37.36,-61.05,0.997,38.91,4.149,39.36,5.353,27.59,-26.151
ENVX,2024-10-04,11.88,-59.96,0.924,9.035,-23.948,11.28,-5.051,6.31,-46.886
PW,2024-10-04,14.5,-61.32,0.882,10.8,-25.517,13.3,-8.276,10.2,-29.655
AEHR,2024-10-11,16.02,-53.66,0.679,12.0,-25.094,17.27,7.803,8.52,-46.816
CLLS,2024-10-11,2.01,-71.19,0.957,1.77,-11.94,1.675,-16.667,1.44,-28.358
SNOW,2024-10-11,124.03,-53.45,0.945,120.89,-2.532,162.22,30.791,144.96,16.875
SRPT,2024-10-11,124.51,-78.47,0.926,121.61,-2.329,126.29,1.43,51.03,-59.015
CLSK,2024-10-18,12.86,-61.29,0.959,14.03,9.098,10.09,-21.54,7.51,-41.602
CMPS,2024-10-18,6.39,-72.36,0.913,5.04,-21.127,3.53,-44.757,3.13,-51.017
CRSP,2024-10-18,48.92,-72.85,0.865,47.25,-3.414,39.69,-18.868,37.77,-22.792
CGC,2024-10-25,5.44,-66.87,0.701,3.9,-28.309,2.18,-59.926,1.41,-74.081
ON,2024-10-25,71.25,-61.32,0.971,69.62,-2.288,54.63,-23.326,39.63,-44.379
QS,2024-10-25,6.19,-65.2,0.86,5.16,-16.64,5.22,-15.67,3.94,-36.349
ACHR,2024-11-01,3.28,-76.98,0.957,9.57,191.768,9.97,203.963,9.29,183.232
CDLX,2024-11-01,41.8,-78.68,0.899,40.7,-2.632,38.8,-7.177,18.4,-55.981
ETSY,2024-11-01,52.77,-70.28,0.997,54.86,3.961,52.23,-1.023,44.3,-16.051
GSAT,2024-11-01,20.7,-28.3,0.993,29.25,41.304,29.7,43.478,20.4,-1.449
OPEN,2024-11-01,1.82,-77.14,0.972,2.34,28.571,1.4,-23.077,0.745,-59.066
PLUR,2024-11-01,4.85,-69.63,0.927,5.6,15.464,4.45,-8.247,4.9,1.031
TASK,2024-11-01,8.5896,-64.72,0.941,9.5542,11.23,10.8446,26.252,8.8047,2.504
ATAI,2024-11-08,1.41,-20.83,0.906,1.56,10.638,1.55,9.929,1.39,-1.418
AWK,2024-11-08,129.389,-76.11,0.942,126.5707,-2.178,119.1793,-7.891,141.3746,9.263
BE,2024-11-08,13.17,-5.03,0.817,27.08,105.619,23.58,79.043,17.62,33.789
BEAM,2024-11-08,27.06,-9.89,0.855,26.71,-1.293,25.92,-4.213,17.41,-35.661
CERS,2024-11-08,1.78,-60.4,0.979,1.78,-0.0,1.87,5.056,1.29,-27.528
GH,2024-11-08,28.61,-40.23,0.886,36.87,28.871,46.98,64.208,41.72,45.823
MASS,2024-11-08,3.57,-75.28,0.913,2.29,-35.854,2.5,-29.972,5.62,57.423
OUST,2024-11-08,7.99,-61.26,0.998,10.39,30.038,9.96,24.656,10.62,32.916
PHR,2024-11-08,21.25,-59.7,0.95,21.73,2.259,28.46,33.929,25.62,20.565
SDGR,2024-11-08,18.75,-60.75,0.781,21.84,16.48,25.075,33.733,23.91,27.52
TE,2024-11-08,2.05,-23.49,0.54,1.7,-17.073,1.88,-8.293,1.39,-32.195
ADBE,2024-11-15,503.37,-74.87,0.978,465.69,-7.486,433.07,-13.966,417.13,-17.133
AEHR,2024-11-22,12.16,-77.55,0.917,14.25,17.188,10.72,-11.842,8.85,-27.22
MCRB,2024-11-22,15.38,-70.73,0.946,18.32,19.116,16.66,8.322,7.67,-50.13
CDNA,2024-11-29,24.54,-69.1,0.978,21.09,-14.059,22.29,-9.169,16.99,-30.766
CGEN,2024-11-29,1.59,-68.0,0.989,1.57,-1.258,2.1,32.075,1.47,-7.547
PW,2024-11-29,12.1,-72.64,0.938,13.3,9.917,10.8,-10.744,10.9,-9.917
BIDU,2024-12-06,86.43,-79.95,0.983,83.93,-2.893,86.45,0.023,85.81,-0.717
UPS,2024-12-13,115.0184,-75.79,0.973,110.1232,-4.256,110.1954,-4.193,92.097,-19.928
PSNL,2024-12-20,5.75,-36.83,0.887,4.89,-14.957,3.63,-36.87,6.42,11.652
ARRY,2024-12-27,6.03,-66.6,0.996,7.09,17.579,5.69,-5.638,6.44,6.799
QS,2024-12-27,5.95,-45.38,0.876,5.16,-13.277,4.54,-23.697,6.62,11.261
SPCE,2024-12-27,6.38,-73.28,0.701,5.36,-15.987,4.1,-35.737,2.86,-55.172
CSTL,2025-01-03,28.61,-72.16,0.993,28.27,-1.188,19.94,-30.304,20.3,-29.046
FLNC,2025-01-03,17.35,-71.66,0.972,13.01,-25.014,4.98,-71.297,8.41,-51.527
INGN,2025-01-03,9.62,-57.18,0.838,11.69,21.518,6.8,-29.314,7.49,-22.141
TXG,2025-01-03,15.6,-73.34,0.977,15.0,-3.846,9.16,-41.282,13.01,-16.603
CDNA,2025-01-10,23.63,-72.06,0.896,22.41,-5.163,17.28,-26.873,20.13,-14.812
CWH,2025-01-10,21.0973,-67.25,0.997,21.8511,3.573,12.6037,-40.259,17.9435,-14.949
ABNB,2025-01-17,135.12,-62.97,0.919,161.42,19.464,114.54,-15.231,139.34,3.123
ABT,2025-01-17,109.9115,-71.24,0.917,126.5029,15.095,122.8902,11.808,120.8761,9.976
ALB,2025-01-17,95.0296,-54.98,0.822,79.1605,-16.699,55.5505,-41.544,76.0405,-19.982
ALGN,2025-01-17,224.23,-52.21,0.926,206.77,-7.787,164.14,-26.798,190.77,-14.922
BIDU,2025-01-17,82.92,-76.06,0.979,97.48,17.559,82.73,-0.229,87.81,5.897
BL,2025-01-17,59.65,-53.27,0.875,51.37,-13.881,45.59,-23.571,56.56,-5.18
CLSK,2025-01-17,11.87,-68.19,0.998,10.5,-11.542,7.5,-36.816,12.78,7.666
CMS,2025-01-17,64.5405,-47.86,0.941,65.7438,1.864,68.6197,6.32,69.2331,7.271
HUYA,2025-01-17,1.8115,-67.57,0.977,2.1298,17.574,1.7236,-4.85,3.1481,73.786
JD,2025-01-17,36.5791,-50.52,0.964,38.8114,6.103,35.1663,-3.862,32.7524,-10.462
MARA,2025-01-17,19.91,-69.27,0.921,16.9,-15.118,12.51,-37.167,19.51,-2.009
NIU,2025-01-17,1.9,-79.13,0.95,2.3,21.053,2.76,45.263,3.63,91.053
PD,2025-01-17,18.3,-74.05,0.96,19.3,5.464,15.47,-15.464,14.62,-20.109
SITE,2025-01-17,142.81,-51.22,0.942,146.09,2.297,113.84,-20.286,124.37,-12.912
TENB,2025-01-17,40.83,-50.08,0.993,39.02,-4.433,32.84,-19.569,33.04,-19.079
CDLX,2025-01-24,38.8,-55.0,0.756,26.9,-30.67,15.0,-61.34,24.5,-36.856
CRSP,2025-01-24,43.42,-69.4,0.992,47.91,10.341,37.77,-13.012,64.76,49.148
DT,2025-01-24,55.64,-42.71,0.939,59.88,7.62,43.1,-22.538,54.15,-2.678
IRDM,2025-01-24,29.9344,-18.51,0.863,29.9923,0.193,23.0551,-22.981,25.047,-16.327
MDB,2025-01-24,261.86,-76.91,0.991,273.26,4.353,159.26,-39.181,241.37,-7.825
MGA,2025-01-24,38.7669,-73.33,0.988,35.8572,-7.506,30.7697,-20.629,41.1925,6.257
S,2025-01-24,23.16,-79.2,0.869,22.12,-4.49,16.82,-27.375,19.56,-15.544
GLOB,2025-01-31,213.32,-64.65,0.968,150.53,-29.435,118.93,-44.248,79.79,-62.596
HDB,2025-01-31,29.947,-73.32,0.949,30.4309,1.616,35.641,19.014,38.1031,27.235
ASTS,2025-02-07,26.51,-34.33,0.982,33.4,25.99,26.42,-0.339,46.63,75.896
LYFT,2025-02-07,14.17,-75.48,0.936,12.41,-12.421,12.65,-10.727,13.41,-5.363
ODFL,2025-02-07,195.2703,-61.5,0.978,178.078,-8.804,156.7146,-19.745,143.5222,-26.501
ADBE,2025-02-14,460.16,-63.41,0.976,394.74,-14.217,383.28,-16.707,354.85,-22.886
JTKWY,2025-02-14,2.67,-68.12,0.941,4.215,57.865,4.29,60.674,4.653,74.27
OPEN,2025-02-14,1.55,-77.5,0.903,1.14,-26.452,0.671,-56.71,3.17,104.516
PACB,2025-02-14,1.85,-58.27,0.681,1.22,-34.054,1.12,-39.459,1.31,-29.189
PAYC,2025-02-14,206.2656,-73.48,0.871,205.4146,-0.413,249.571,20.995,214.8032,4.139
PLUR,2025-02-14,4.62,-73.43,0.807,4.61,-0.216,5.75,24.459,4.97,7.576
QS,2025-02-14,5.23,-74.67,0.948,4.36,-16.635,4.06,-22.371,9.03,72.658
BMY,2025-02-21,52.0157,-69.71,0.974,56.8977,9.386,44.0282,-15.356,45.7253,-12.093
JBHT,2025-02-21,165.2962,-78.69,0.973,146.412,-11.424,146.3877,-11.439,148.9211,-9.906
PCT,2025-02-21,9.83,-73.34,0.953,7.77,-20.956,9.29,-5.493,13.015,32.401
ARRY,2025-03-07,6.15,-56.25,0.947,4.39,-28.618,6.6,7.317,8.97,45.854
MARA,2025-03-07,16.02,-75.22,0.95,11.3,-29.463,14.12,-11.86,15.19,-5.181
MCRB,2025-03-07,15.32,-64.21,0.73,12.8,-16.449,7.05,-53.982,19.36,26.371
PATH,2025-03-07,12.31,-79.56,0.995,10.04,-18.44,13.31,8.123,11.49,-6.661
ARGX,2025-03-14,604.96,-63.56,0.918,580.94,-3.971,585.93,-3.146,756.38,25.03
HDB,2025-03-14,29.9667,-72.95,0.936,33.3199,11.19,38.2634,27.686,35.07,17.03
PD,2025-03-14,18.38,-53.08,0.929,15.47,-15.832,16.34,-11.099,16.44,-10.555
PODD,2025-03-14,255.44,-57.26,0.913,253.99,-0.568,311.77,22.052,341.78,33.801
ALB,2025-03-21,76.0279,-68.03,0.944,51.8648,-31.782,59.9089,-21.201,81.1849,6.783
DXCM,2025-03-21,73.8,-77.96,0.993,68.57,-7.087,81.99,11.098,67.45,-8.604
OUST,2025-03-21,11.05,-56.11,0.905,6.99,-36.742,18.07,63.529,34.66,213.665
PCTY,2025-03-21,191.91,-73.97,0.974,183.98,-4.132,176.81,-7.868,164.22,-14.429
PW,2025-03-21,11.9,-70.0,0.766,11.4,-4.202,11.4,-4.202,9.3,-21.849
SPCE,2025-03-21,4.1,-68.51,0.701,2.53,-38.293,3.0,-26.829,3.29,-19.756
DNA,2025-04-11,8.12,-73.67,0.745,7.76,-4.433,12.72,56.65,13.52,66.502
PACB,2025-04-11,1.36,-75.44,0.789,1.12,-17.647,1.6,17.647,1.42,4.412
PLUR,2025-04-11,3.82,-70.48,0.945,5.75,50.524,5.78,51.309,4.39,14.921
ARRY,2025-04-25,5.02,-68.58,0.984,6.88,37.052,7.1,41.434,8.95,78.287
CLSK,2025-04-25,9.01,-57.49,0.88,9.36,3.885,12.78,41.842,19.365,114.928
SSYS,2025-04-25,9.51,-76.42,0.968,10.32,8.517,10.84,13.985,11.99,26.078
AQB,2025-05-02,0.66,-78.98,0.988,0.82,24.242,0.798,20.909,1.3,96.97
EVGN,2025-05-02,1.18,-70.13,0.879,1.09,-7.627,1.31,11.017,1.26,6.78
SPCE,2025-05-02,2.89,-78.09,0.795,3.21,11.073,4.14,43.253,3.94,36.332
FSLY,2025-05-09,7.68,-50.41,0.867,7.66,-0.26,6.36,-17.187,11.56,50.521
ATAI,2025-05-16,1.65,-64.66,0.882,2.11,27.879,4.13,150.303,4.0,142.424
ENVX,2025-05-16,8.28,-57.72,0.971,8.22,-0.725,10.78,30.193,8.035,-2.959
DNA,2025-05-30,6.95,-67.98,0.696,9.46,36.115,12.55,80.576,9.28,33.525
PACB,2025-06-06,1.14,-54.69,0.811,1.6,40.351,1.31,14.912,2.39,109.649
CDLX,2025-06-20,17.4,-61.62,0.89,16.8,-3.448,11.2,-35.632,10.3,-40.805
MCRB,2025-06-27,9.1,-70.36,0.911,14.53,59.67,17.45,91.758,14.65,60.989
RPD,2025-07-04,24.37,-53.3,0.991,20.36,-16.455,19.39,-20.435,14.27,-41.444
TREE,2025-07-04,38.76,-75.32,0.983,49.47,27.632,70.56,82.043,51.5,32.869
SPCE,2025-07-11,3.12,-78.92,0.758,3.1,-0.641,4.28,37.179,3.18,1.923
JD,2025-07-18,32.7524,-62.5,0.899,30.6088,-6.545,30.7536,-6.103,27.9052,-14.8
PCRX,2025-07-25,22.55,-79.06,0.751,25.84,14.59,22.87,1.419,20.67,-8.337
COST,2025-08-01,946.9948,-79.7,0.971,937.8481,-0.966,926.7329,-2.14,937.3973,-1.013
CGC,2025-08-08,1.25,-75.51,0.774,1.46,16.8,1.24,-0.8,1.1,-12.0
MSTR,2025-08-08,395.13,-62.9,0.744,335.87,-14.998,269.51,-31.792,134.93,-65.852
ADBE,2025-08-15,354.85,-73.3,0.979,349.36,-1.547,326.95,-7.862,263.97,-25.611
ARRY,2025-08-15,7.62,-35.92,0.855,7.67,0.656,8.54,12.073,11.16,46.457
BEKE,2025-08-15,17.9969,-65.81,0.817,19.7053,9.493,15.3166,-14.893,17.2311,-4.255
DPZ,2025-08-15,442.7243,-72.1,0.965,443.4994,0.175,403.9763,-8.752,371.3174,-16.129
EVGN,2025-08-15,1.35,-78.68,0.639,1.27,-5.926,1.15,-14.815,0.96,-28.889
FIVN,2025-08-15,26.04,-64.78,0.972,25.84,-0.768,19.84,-23.81,16.75,-35.676
IIPR,2025-08-15,45.3019,-44.4,0.999,49.3942,9.033,46.2137,2.013,42.8829,-5.34
MTLS,2025-08-15,5.17,-79.69,0.975,5.11,-1.161,5.78,11.799,5.65,9.284
TDOC,2025-08-15,7.52,-65.29,0.933,7.68,2.128,7.53,0.133,4.65,-38.165
ZM,2025-08-15,73.14,-74.94,0.952,83.98,14.821,81.69,11.69,92.6,26.607
BILL,2025-08-22,42.29,-64.1,0.861,52.34,23.764,50.35,19.059,46.2,9.246
CDW,2025-08-22,163.0548,-74.89,0.955,158.0027,-3.098,142.1848,-12.799,122.6973,-24.751
CERS,2025-08-22,1.26,-75.56,0.921,1.46,15.873,1.62,28.571,2.41,91.27
FATE,2025-08-22,1.15,-73.63,0.7,0.96,-16.522,0.96,-16.522,1.46,26.957
HON,2025-08-22,216.0289,-64.43,0.956,202.9797,-6.04,205.9621,-4.66,252.4547,16.862
OPCH,2025-08-22,28.74,-66.14,0.976,28.31,-1.496,28.41,-1.148,35.69,24.182
PSNL,2025-08-22,4.83,-74.94,0.954,6.1,26.294,7.51,55.487,8.28,71.429
SSYS,2025-08-22,11.08,-39.1,0.936,10.53,-4.964,8.95,-19.224,10.45,-5.686
SYRS,2025-08-22,0.0199,-50.5,0.506,0.0006,-96.985,0.0005,-97.487,0.0002,-98.995
UNP,2025-08-22,222.7912,-55.2,0.983,217.0591,-2.573,219.4303,-1.509,263.3484,18.204
SPCE,2025-08-29,3.11,-77.95,0.745,3.42,9.968,3.38,8.682,2.55,-18.006
BEAM,2025-09-05,20.88,-26.67,0.846,25.75,23.324,25.33,21.312,26.54,27.107
DXCM,2025-09-05,80.51,-57.36,0.895,67.05,-16.718,63.47,-21.165,68.1,-15.414
INOD,2025-09-05,43.48,-62.81,0.903,84.14,93.514,57.47,32.176,45.15,3.841
PATH,2025-09-05,11.49,-63.79,0.848,12.9,12.272,13.86,20.627,11.86,3.22
API,2025-09-12,3.78,-50.66,0.689,3.5,-7.407,3.78,-0.0,3.83,1.323
CRWD,2025-09-12,109.025,-71.0,0.866,123.415,13.199,128.0075,17.411,110.445,1.302
DRS,2025-09-12,41.7086,-78.63,0.952,42.8587,2.757,33.6973,-19.208,45.1148,8.167
MRVL,2025-09-12,67.2068,-75.2,0.966,85.4846,27.196,98.7651,46.957,87.7944,30.633
PW,2025-09-12,10.5,-79.82,0.852,9.3,-11.429,9.9,-5.714,9.0,-14.286
TMDX,2025-09-12,114.565,-66.37,0.756,107.29,-6.35,136.51,19.155,123.48,7.782
ACHR,2025-09-19,9.86,-69.54,0.92,11.24,13.996,8.3,-15.821,5.76,-41.582
ALGM,2025-09-19,31.45,-73.61,0.784,29.055,-7.615,27.11,-13.8,29.95,-4.769
BFLY,2025-09-19,1.85,-50.0,0.934,2.12,14.595,3.01,62.703,3.97,114.595
CDLX,2025-09-19,24.3,-35.01,0.716,18.8,-22.634,10.8,-55.556,8.25,-66.049
ENVX,2025-09-19,10.09,-72.81,0.877,11.21,11.1,8.64,-14.371,4.86,-51.833
MASS,2025-09-19,7.3,-27.74,0.706,8.56,17.26,5.98,-18.082,6.11,-16.301
OKTA,2025-09-19,93.37,-65.45,0.951,87.43,-6.362,90.18,-3.417,78.41,-16.022
ON,2025-09-19,51.07,-72.69,0.896,52.53,2.859,54.96,7.617,59.26,16.037
PACB,2025-09-19,1.27,-79.03,0.728,1.64,29.134,2.12,66.929,1.33,4.724
PYPL,2025-09-19,67.6343,-79.07,0.986,66.8312,-1.187,61.2719,-9.407,43.8654,-35.143
SDGR,2025-09-19,19.45,-63.7,0.914,19.31,-0.72,18.05,-7.198,12.02,-38.201
SMTC,2025-09-19,7.01,-61.14,0.795,14.66,109.13,8.59,22.539,8.75,24.822
SNAP,2025-09-19,8.16,-64.1,0.905,7.65,-6.25,7.31,-10.417,4.48,-45.098
TENB,2025-09-19,30.23,-76.04,0.968,29.03,-3.97,26.28,-13.066,19.84,-34.37
TOST,2025-09-19,41.13,-78.84,0.99,37.5,-8.826,35.28,-14.223,27.46,-33.236
AWK,2025-09-26,132.7388,-79.0,0.962,137.8298,3.835,127.6052,-3.867,134.9901,1.696
CTAS,2025-09-26,202.2068,-65.25,0.926,188.9303,-6.566,186.1486,-7.941,164.8325,-18.483
DPZ,2025-09-26,429.1596,-78.99,0.934,408.5855,-4.794,426.7035,-0.572,346.001,-19.377
EQT,2025-09-26,53.4302,-54.79,0.985,53.0744,-0.666,53.4001,-0.056,67.1496,25.677
ADYEY,2025-10-03,16.89,-53.07,0.973,17.17,1.658,16.08,-4.796,9.741,-42.327
AI,2025-10-03,19.16,-71.06,0.999,17.58,-8.246,13.99,-26.983,8.64,-54.906
CGEN,2025-10-03,1.63,-36.54,0.794,1.77,8.589,1.54,-5.521,2.26,38.65
COIN,2025-10-03,380.02,-42.19,0.746,343.78,-9.536,236.9,-37.661,171.46,-54.881
ILMN,2025-10-03,102.12,-43.57,0.856,123.54,20.975,134.95,32.148,127.38,24.736
IOVA,2025-10-03,2.34,-74.81,0.87,1.97,-15.812,2.85,21.795,3.43,46.581
JBHT,2025-10-03,136.8301,-71.26,0.956,167.4892,22.407,197.1836,44.108,214.1495,56.508
MSTR,2025-10-03,351.63,-64.05,0.821,269.51,-23.354,158.81,-54.836,119.83,-65.922
TNDM,2025-10-03,14.71,-48.86,0.931,14.0,-4.827,22.35,51.937,18.61,26.513
UPS,2025-10-03,81.4312,-78.74,0.954,90.477,11.108,95.9831,17.87,95.0372,16.709
COST,2025-10-10,924.6152,-72.17,0.903,918.6853,-0.641,850.7452,-7.989,995.4406,7.66
EVGN,2025-10-10,1.29,-53.85,0.592,1.15,-10.853,1.13,-12.403,0.81,-37.209
HYFM,2025-10-10,3.28,-70.42,0.923,2.22,-32.317,1.6,-51.22,0.789,-75.945
KO,2025-10-10,65.6936,-70.93,0.875,69.1332,5.236,68.2076,3.827,76.973,17.17
ROP,2025-10-10,505.4003,-78.72,0.97,443.8884,-12.171,432.3508,-14.454,342.2915,-32.273
ABNB,2025-10-17,125.91,-64.46,0.877,122.02,-3.09,139.27,10.611,141.55,12.422
BEKE,2025-10-17,17.938,-72.85,0.787,16.5438,-7.772,16.7304,-6.732,16.24,-9.466
CDXS,2025-10-17,2.65,-77.22,0.83,1.65,-37.736,1.64,-38.113,2.59,-2.264
DIOD,2025-10-17,54.52,-26.55,0.817,44.57,-18.25,55.08,1.027,94.84,73.955
EW,2025-10-17,74.64,-78.13,0.926,86.3,15.622,85.13,14.054,80.99,8.507
GGG,2025-10-17,81.1511,-70.12,0.933,79.2961,-2.286,85.0343,4.785,86.3969,6.464
HDB,2025-10-17,36.74,-46.52,0.909,36.44,-0.817,33.1,-9.907,27.51,-25.122
HLT,2025-10-17,259.7604,-78.92,0.927,269.1421,3.612,299.9421,15.469,340.7164,31.166
META,2025-10-17,715.0602,-74.9,0.869,607.879,-14.989,651.8972,-8.833,687.9124,-3.797
MXL,2025-10-17,16.97,-49.75,0.731,13.9,-18.091,19.0,11.962,26.27,54.803
NXPI,2025-10-17,211.5775,-68.31,0.91,194.5506,-8.048,239.0939,13.005,215.2997,1.759
OPCH,2025-10-17,27.77,-68.99,0.937,28.41,2.305,31.8,14.512,28.82,3.781
PCAR,2025-10-17,92.4118,-78.4,0.988,93.6053,1.291,117.8126,27.487,125.5267,35.834
PINS,2025-10-17,32.39,-78.05,0.999,26.62,-17.814,27.14,-16.209,20.12,-37.882
ADBE,2025-10-24,353.52,-46.53,0.915,324.19,-8.297,296.12,-16.237,245.44,-30.573
ALRM,2025-10-24,51.75,-71.64,0.927,49.97,-3.44,50.72,-1.99,44.73,-13.565
AMZN,2025-10-24,224.21,-52.62,0.892,220.69,-1.57,239.12,6.65,263.99,17.742
BA,2025-10-24,221.35,-66.63,0.794,179.7,-18.816,247.68,11.895,232.44,5.01
BL,2025-10-24,52.56,-54.03,0.926,54.86,4.376,52.65,0.171,30.64,-41.705
BMY,2025-10-24,42.3974,-77.76,0.975,44.7383,5.521,54.0855,27.568,58.0547,36.93
CDW,2025-10-24,155.0037,-65.17,0.942,137.4022,-11.356,129.6965,-16.327,133.8828,-13.626
DIS,2025-10-24,110.0859,-78.71,0.866,102.7916,-6.626,110.3544,0.244,101.8198,-7.509
FIVN,2025-10-24,23.57,-66.27,0.965,18.94,-19.644,17.59,-25.371,16.55,-29.784
GBTC,2025-10-24,86.69,-72.27,0.921,66.16,-23.682,74.58,-13.969,60.37,-30.361
HEI,2025-10-24,316.539,-61.7,0.9,302.9989,-4.278,352.4213,11.336,263.9436,-16.616
HON,2025-10-24,209.5431,-59.82,0.952,196.6285,-6.163,227.0199,8.34,221.6787,5.791
INTU,2025-10-24,676.7359,-74.59,0.957,656.9814,-2.919,541.2127,-20.026,394.2038,-41.749
LSPD,2025-10-24,12.13,-65.77,0.799,10.92,-9.975,11.68,-3.71,9.4,-22.506
MCO,2025-10-24,486.5994,-56.59,0.91,476.4693,-2.082,535.3463,10.018,454.0049,-6.698
QLYS,2025-10-24,128.05,-78.26,0.83,143.07,11.73,134.57,5.092,84.34,-34.135
RPD,2025-10-24,19.18,-74.05,0.997,13.91,-27.477,12.64,-34.098,5.95,-68.978
S,2025-10-24,17.65,-67.08,0.877,15.7,-11.048,13.9,-21.246,14.24,-19.32
SFIX,2025-10-24,4.58,-65.7,0.901,4.19,-8.515,5.26,14.847,3.85,-15.939
SITE,2025-10-24,125.07,-76.29,0.964,131.1,4.821,147.53,17.958,145.09,16.007
TASK,2025-10-24,9.1892,-79.96,0.738,7.2797,-20.78,7.5664,-17.659,6.48,-29.482
TRMB,2025-10-24,81.42,-50.25,0.946,77.03,-5.392,73.89,-9.248,67.35,-17.281
TSCO,2025-10-24,54.9569,-70.47,0.931,51.6759,-5.97,50.0282,-8.968,36.1941,-34.141
TXG,2025-10-24,13.77,-30.95,0.674,18.34,33.188,20.52,49.02,22.08,60.349
WSC,2025-10-24,22.2556,-79.58,0.942,17.442,-21.629,22.3633,0.484,22.5979,1.538
ODFL,2025-10-31,139.7694,-79.94,0.988,134.6632,-3.653,173.8366,24.374,205.5495,47.063
OKTA,2025-10-31,91.53,-66.34,0.873,80.33,-12.236,90.76,-0.841,75.78,-17.207
SHW,2025-10-31,341.6987,-65.72,0.985,341.2561,-0.13,346.0518,1.274,316.4462,-7.39
DPZ,2025-11-07,403.9763,-76.73,0.926,410.25,1.553,405.7594,0.441,321.4925,-20.418
GLOB,2025-11-07,60.7,-77.7,0.966,71.21,17.315,66.88,10.181,39.23,-35.371
RMD,2025-11-07,248.8571,-77.79,0.983,254.468,2.255,256.2137,2.956,205.5571,-17.4
LNG,2025-11-14,213.6627,-74.05,0.949,188.016,-12.003,212.1567,-0.705,241.316,12.942
MCRB,2025-11-14,16.66,-65.67,0.812,16.94,1.681,13.96,-16.206,7.64,-54.142
MSFT,2025-11-14,506.0166,-70.97,0.889,475.5133,-6.028,398.6111,-21.226,420.2171,-16.956
API,2025-11-21,3.56,-54.84,0.665,3.94,10.674,4.59,28.933,3.64,2.247
RNG,2025-11-21,27.1444,-77.04,0.974,29.4619,8.538,30.0289,10.627,43.3851,59.831
AAOI,2025-11-28,26.78,-59.59,0.875,37.17,38.798,51.68,92.98,158.41,491.524
ABNB,2025-11-28,116.99,-69.56,0.875,136.82,16.95,127.89,9.317,133.31,13.95
AFRM,2025-11-28,70.95,-73.16,0.923,75.81,6.85,51.09,-27.992,73.65,3.805
ALGM,2025-11-28,26.69,-62.55,0.999,26.87,0.674,38.93,45.86,47.87,79.356
CDNS,2025-11-28,311.84,-78.94,0.989,318.89,2.261,296.28,-4.99,374.93,20.232
DOCU,2025-11-28,69.35,-74.73,0.99,69.97,0.894,44.48,-35.862,52.52,-24.268
FATE,2025-11-28,1.14,-79.21,0.688,1.0,-12.281,1.46,28.07,2.84,149.123
HUYA,2025-11-28,2.6863,-79.03,0.938,2.7994,4.21,3.5629,32.63,2.3564,-12.281
INGN,2025-11-28,7.08,-79.64,0.811,6.8,-3.955,5.79,-18.22,6.49,-8.333
MASS,2025-11-28,6.35,-73.28,0.96,5.41,-14.803,6.67,5.039,8.41,32.441
MXL,2025-11-28,15.57,-50.27,0.802,17.73,13.873,18.47,18.626,92.93,496.853
NOC,2025-11-28,565.631,-78.43,0.882,573.0048,1.304,718.0895,26.954,561.21,-0.782
NXPI,2025-11-28,192.4185,-79.17,0.919,220.9698,14.838,230.2896,19.682,320.2636,66.441
ON,2025-11-28,50.24,-50.31,0.847,54.93,9.335,69.11,37.56,120.62,140.088
SCHW,2025-11-28,91.8197,-61.9,0.867,100.8898,9.878,93.4214,1.744,87.096,-5.145
SPCE,2025-11-28,3.87,-60.44,0.64,3.16,-18.346,2.46,-36.434,6.18,59.69
TDOC,2025-11-28,7.59,-68.34,0.924,7.12,-6.192,4.74,-37.549,7.61,0.264
TREE,2025-11-28,57.03,-68.53,0.898,54.42,-4.577,38.95,-31.703,38.2,-33.018
UBER,2025-11-28,87.54,-70.56,0.987,81.26,-7.174,73.86,-15.627,70.4,-19.58
ADBE,2025-12-05,346.26,-41.5,0.911,333.3,-3.743,262.41,-24.216,251.44,-27.384
BA,2025-12-05,201.89,-59.19,0.956,227.77,12.819,227.53,12.7,215.45,6.717
CGC,2025-12-05,1.15,-79.58,0.662,1.19,3.478,1.12,-2.609,1.03,-10.435
CRM,2025-12-05,258.833,-14.52,0.981,252.336,-2.51,193.8038,-25.124,185.1821,-28.455
CTAS,2025-12-05,185.3348,-75.95,0.887,183.479,-1.001,200.0649,7.948,179.384,-3.211
EVGN,2025-12-05,1.11,-78.0,0.723,1.13,1.802,0.88,-20.721,0.62,-44.144
LSPD,2025-12-05,11.59,-70.02,0.926,11.74,1.294,9.03,-22.088,9.24,-20.276
NOW,2025-12-05,170.872,-66.77,0.911,147.45,-13.707,108.01,-36.789,112.45,-34.191
PDD,2025-12-05,117.62,-77.49,0.776,115.75,-1.59,103.73,-11.809,85.07,-27.674
SFIX,2025-12-05,5.12,-39.61,0.812,5.12,-0.0,3.33,-34.961,3.42,-33.203
TASK,2025-12-05,8.0552,-78.21,0.925,7.4426,-7.605,6.9212,-14.077,5.74,-28.742
CGEN,2025-12-12,1.53,-78.7,0.962,1.88,22.876,2.08,35.948,2.04,33.333
DIS,2025-12-12,110.0071,-43.41,0.902,114.9988,4.538,100.7679,-8.399,99.2793,-9.752
EQIX,2025-12-12,739.0487,-76.81,0.969,788.3271,6.668,928.1527,25.587,1050.829,42.187
LMT,2025-12-12,471.7075,-42.56,0.859,533.2627,13.049,663.2982,40.616,537.0085,13.844
OTIS,2025-12-12,86.6827,-70.26,0.88,88.7775,2.417,88.1484,1.691,70.3237,-18.872
PTC,2025-12-19,178.17,-77.58,0.973,166.75,-6.41,155.89,-12.505,114.75,-35.595
SNAP,2025-12-19,7.57,-78.98,0.889,7.53,-0.528,4.56,-39.762,4.66,-38.441
COST,2025-12-26,869.5123,-75.3,0.906,978.9294,12.584,969.3799,11.485,951.028,9.375
URI,2025-12-26,822.9565,-76.72,0.885,913.4982,11.002,707.7842,-13.995,1119.7278,36.062
VERX,2025-12-26,20.31,-77.9,0.943,19.7,-3.003,12.86,-36.681,11.37,-44.018
AMBA,2026-01-02,75.16,-77.17,0.945,64.04,-14.795,50.47,-32.85,78.36,4.258
AOSL,2026-01-02,20.66,-77.24,0.814,22.1,6.97,22.05,6.728,37.11,79.622
BABA,2026-01-02,154.3227,-78.52,0.923,168.0169,8.874,121.5735,-21.221,96.14,-37.702
CMS,2026-01-02,68.803,-76.19,0.904,69.8484,1.519,75.0173,9.032,77.1077,12.07
ETSY,2026-01-02,57.28,-75.43,0.965,52.96,-7.542,47.31,-17.406,76.97,34.375
LNG,2026-01-02,196.3961,-77.54,0.926,210.0187,6.936,295.5818,50.503,245.437,24.97
ACHR,2026-01-09,8.81,-72.0,0.886,7.3,-17.14,5.42,-38.479,4.73,-46.311
AVAV,2026-01-09,364.99,-27.77,0.988,257.2,-29.532,184.36,-49.489,144.58,-60.388
BEKE,2026-01-09,16.7304,-53.03,0.795,18.37,9.8,14.5409,-13.087,15.57,-6.936
CDLX,2026-01-09,13.5,-77.28,0.85,9.06,-32.889,11.3,-16.296,4.32,-68.0
CERT,2026-01-09,9.33,-76.96,0.964,7.23,-22.508,5.41,-42.015,6.77,-27.438
CGNX,2026-01-09,38.8455,-70.7,0.924,42.1913,8.613,49.0352,26.231,66.7064,71.722
CPRT,2026-01-09,39.83,-71.46,0.963,40.36,1.331,33.4,-16.144,27.52,-30.906
DKS,2026-01-09,213.5862,-49.04,0.905,205.7813,-3.654,190.6797,-10.725,217.98,2.057
DOCU,2026-01-09,68.81,-53.39,0.959,47.13,-31.507,48.37,-29.705,49.18,-28.528
DRS,2026-01-09,40.7449,-34.91,0.843,38.6972,-5.026,46.1107,13.169,44.062,8.141
ESTC,2026-01-09,78.62,-62.39,0.894,59.12,-24.803,50.67,-35.551,60.24,-23.378
FIVN,2026-01-09,19.86,-70.34,0.907,17.08,-13.998,15.01,-24.421,25.42,27.996
FOUR,2026-01-09,66.88,-71.39,0.959,59.28,-11.364,42.76,-36.065,50.81,-24.028
GTES,2026-01-09,22.79,-67.84,0.876,26.81,17.639,22.04,-3.291,26.34,15.577
INOD,2026-01-09,64.97,-62.32,0.759,47.59,-26.751,38.47,-40.788,67.8,4.356
KMTUY,2026-01-09,33.79,-64.76,0.966,46.28,36.964,40.65,20.302,39.98,18.319
MTLS,2026-01-09,5.77,-72.03,0.773,5.51,-4.506,5.0,-13.345,6.77,17.331
PCT,2026-01-09,10.03,-67.7,0.967,9.65,-3.789,5.42,-45.962,7.3,-27.218
PINS,2026-01-09,27.14,-74.91,0.961,19.6,-27.782,18.18,-33.014,22.52,-17.023
RIOT,2026-01-09,15.32,-72.41,0.955,14.45,-5.679,12.86,-16.057,20.965,36.847
RMD,2026-01-09,250.4211,-68.13,0.918,269.4256,7.589,222.7863,-11.035,203.2866,-18.822
SHW,2026-01-09,350.7781,-29.23,0.916,359.4166,2.463,316.4462,-9.787,333.2198,-5.006
SMTC,2026-01-09,10.07,-70.57,0.908,8.86,-12.016,8.8,-12.612,13.47,33.764
SSYS,2026-01-09,10.32,-53.09,0.976,11.25,9.012,7.97,-22.771,8.55,-17.151
SYK,2026-01-09,365.5723,-51.2,0.947,356.3718,-2.517,330.6573,-9.551,329.78,-9.791
TDOC,2026-01-09,7.46,-72.41,0.781,5.01,-32.842,5.27,-29.357,9.28,24.397
TREE,2026-01-09,62.91,-26.24,0.784,47.46,-24.559,40.75,-35.225,45.3,-27.992
TSCO,2026-01-09,50.5186,-74.82,0.888,54.5397,7.96,43.1689,-14.549,30.2212,-40.178
XYL,2026-01-09,138.1485,-77.7,0.789,140.5517,1.74,120.3285,-12.899,120.7604,-12.587
ANET,2026-01-16,129.83,-69.64,0.935,141.59,9.058,147.35,13.495,168.61,29.87
CLSK,2026-01-16,13.37,-70.38,0.985,9.85,-26.328,10.02,-25.056,13.03,-2.543
CRSP,2026-01-16,53.51,-79.77,0.989,53.07,-0.822,51.22,-4.28,47.78,-10.708
DNA,2026-01-16,9.55,-76.04,0.752,9.29,-2.723,6.45,-32.461,7.91,-17.173
ENVX,2026-01-16,8.24,-79.28,0.932,5.92,-28.155,6.09,-26.092,4.72,-42.718
ETN,2026-01-16,340.8983,-61.29,0.92,386.0209,13.236,400.903,17.602,399.0083,17.046
FATE,2026-01-16,1.19,-75.76,0.596,1.25,5.042,1.24,4.202,2.78,133.613
NTLA,2026-01-16,12.5,-77.59,0.883,11.87,-5.04,13.49,7.92,11.375,-9.0
TASK,2026-01-16,7.5664,-74.69,0.883,6.5302,-13.695,6.47,-14.49,5.83,-22.949
TEM,2026-01-16,70.33,-70.06,0.786,51.95,-26.134,42.94,-38.945,52.47,-25.395
TGTX,2026-01-16,30.57,-62.3,0.929,28.5,-6.771,33.73,10.337,54.87,79.49
AQB,2026-01-23,1.11,-64.85,0.868,0.87,-21.622,0.98,-11.712,0.91,-18.018
ATAI,2026-01-23,4.15,-80.0,0.937,3.88,-6.506,4.03,-2.892,7.18,73.012
DPZ,2026-01-23,406.9164,-51.52,0.861,380.3259,-6.535,369.774,-9.128,332.97,-18.172
EQT,2026-01-23,55.0357,-51.73,0.995,60.1414,9.277,58.1333,5.628,52.8642,-3.946
JD,2026-01-23,28.8128,-76.2,0.745,26.4665,-8.143,31.6,9.673,30.19,4.78
MASS,2026-01-23,6.84,-57.94,0.855,6.67,-2.485,7.16,4.678,7.14,4.386
NBIX,2026-01-23,136.18,-77.39,0.925,128.63,-5.544,133.25,-2.152,175.77,29.072
RNG,2026-01-23,26.6769,-78.14,0.955,39.2892,47.278,40.2463,50.866,48.2118,80.725
TOST,2026-01-23,33.8,-78.22,0.971,27.07,-19.911,29.08,-13.964,29.04,-14.083
AAPL,2026-01-30,258.7756,-64.47,0.76,263.7094,1.907,270.5771,4.561,308.6438,19.271
NIU,2026-01-30,3.31,-74.39,0.968,3.62,9.366,3.15,-4.834,2.59,-21.752
BILL,2026-02-06,48.94,-38.02,0.948,45.06,-7.928,39.07,-20.168,47.99,-1.941
BRK-B,2026-02-06,508.09,-19.49,0.852,498.98,-1.793,473.01,-6.904,521.8,2.698
CDW,2026-02-06,140.3971,-47.49,0.948,122.1092,-13.026,134.5853,-4.14,135.1643,-3.727
EVGN,2026-02-06,1.08,-57.14,0.729,0.77,-28.704,0.77,-28.704,0.6,-44.444
OTIS,2026-02-06,88.3644,-27.34,0.953,88.1484,-0.244,76.1542,-13.818,73.5442,-16.772
V,2026-02-06,329.6008,-66.57,0.952,316.1162,-4.091,326.7444,-0.867,361.8278,9.778
AMBA,2026-02-13,66.21,-79.98,0.982,52.29,-21.024,76.3,15.239,82.04,23.909
AWK,2026-02-13,131.6759,-7.89,0.986,137.7814,4.637,123.3414,-6.33,136.2,3.436
FSLY,2026-02-13,18.26,-7.81,0.764,24.58,34.611,20.51,12.322,29.93,63.91
S,2026-02-13,13.87,-71.8,0.983,14.52,4.686,16.59,19.611,23.11,66.619
UNH,2026-02-13,289.276,-70.63,0.933,280.488,-3.038,377.8221,30.61,401.73,38.874
DKS,2026-02-20,203.7461,-74.27,0.83,187.7215,-7.865,215.2717,5.657,183.23,-10.069
FIVN,2026-02-20,19.32,-43.26,0.974,15.53,-19.617,21.64,12.008,32.75,69.513
FSLR,2026-02-20,241.88,-61.27,0.9,192.82,-20.283,233.37,-3.518,214.28,-11.411
GLBE,2026-02-20,36.08,-47.11,0.89,32.34,-10.366,27.89,-22.7,40.55,12.389
ISRG,2026-02-20,504.05,-72.24,0.966,477.97,-5.174,421.12,-16.453,378.81,-24.847
ACHR,2026-02-27,7.12,-74.06,0.948,5.09,-28.511,6.36,-10.674,5.75,-19.242
FLYW,2026-02-27,12.31,-62.55,0.829,11.36,-7.717,16.12,30.95,18.7,51.909
ILMN,2026-02-27,134.46,-49.14,0.901,117.67,-12.487,144.41,7.4,227.69,69.337
INGN,2026-02-27,6.1,-64.15,0.841,6.19,1.475,6.4,4.918,5.51,-9.672
OPEN,2026-02-27,5.42,-71.0,0.926,4.8,-11.439,4.53,-16.421,3.29,-39.299
ZETA,2026-02-27,16.95,-76.66,0.975,14.55,-14.159,18.79,10.855,30.22,78.289
JD,2026-03-06,26.0995,-61.03,0.808,27.4803,5.291,28.83,10.462,27.9,6.899
MXL,2026-03-13,16.89,-64.22,0.867,20.69,22.499,80.92,379.1,,
NBIX,2026-03-13,129.78,-79.92,0.988,128.89,-0.686,163.88,26.275,,
DXCM,2026-03-20,66.95,-68.83,0.928,63.98,-4.436,75.37,12.577,,
EVGN,2026-03-20,0.85,-76.47,0.939,0.8,-5.882,0.58,-31.765,,
TGTX,2026-03-20,30.07,-48.92,0.876,35.33,17.493,49.52,64.682,,
CDLX,2026-03-27,9.32,-69.92,0.868,9.3,-0.215,5.2,-44.206,,
SRPT,2026-03-27,19.97,-51.48,0.575,20.3,1.652,17.53,-12.218,,
AAPL,2026-04-03,255.4641,-66.02,0.876,279.641,9.464,283.5355,10.988,,
BEAM,2026-04-03,24.66,-79.54,0.984,30.7,24.493,34.81,41.16,,
BHVN,2026-04-03,9.8,-70.39,0.885,9.63,-1.735,15.83,61.531,,
BRK-B,2026-04-03,477.35,-77.43,0.951,473.01,-0.909,498.66,4.464,,
CDNA,2026-04-03,18.31,-60.53,0.784,21.5,17.422,28.82,57.4,,
CGC,2026-04-03,1.0,-67.9,0.749,1.13,13.0,0.946,-5.4,,
CYRX,2026-04-03,8.77,-69.79,0.819,10.35,18.016,16.0,82.44,,
GLOB,2026-04-03,47.85,-76.91,0.945,40.62,-15.11,30.03,-37.241,,
GMED,2026-04-03,87.92,-69.52,0.894,91.34,3.89,86.25,-1.899,,
MTSI,2026-04-03,82.65,-50.59,0.977,107.81,30.442,149.75,81.186,,
NVDA,2026-04-03,177.1835,-60.66,0.972,198.219,11.872,192.53,8.661,,
PCAR,2026-04-03,117.6421,-57.92,0.93,115.4149,-1.893,120.3613,2.311,,
RDW,2026-04-03,9.73,-63.01,0.842,9.34,-4.008,10.93,12.333,,
REGN,2026-04-03,759.8265,-56.79,0.806,699.557,-7.932,632.1619,-16.802,,
SPCE,2026-04-03,2.46,-73.28,0.824,2.65,7.724,2.95,19.919,,
UNH,2026-04-03,275.6855,-78.53,0.817,366.6857,33.009,427.89,55.209,,
AAON,2026-04-10,93.1051,-50.2,0.985,139.5628,49.898,107.62,15.59,,
BEKE,2026-04-10,15.84,-68.37,0.869,18.87,19.129,15.09,-4.735,,
CIFR,2026-04-10,16.53,-39.69,0.969,20.55,24.319,20.04,21.234,,
DKS,2026-04-10,211.2741,-23.07,0.837,224.5496,6.284,236.18,11.788,,
ENVX,2026-04-10,6.09,-65.5,0.919,6.61,8.539,5.36,-11.987,,
OSCR,2026-04-10,14.45,-49.93,0.888,21.31,47.474,32.18,122.699,,
RIOT,2026-04-10,16.6,-35.36,0.968,24.08,45.06,22.11,33.193,,
ACHR,2026-04-17,6.11,-70.82,0.966,6.05,-0.982,4.73,-22.586,,
AFRM,2026-04-17,64.5,-47.35,0.932,65.82,2.047,83.42,29.333,,
API,2026-04-17,4.0,-64.23,0.786,3.89,-2.75,4.22,5.5,,
CMPS,2026-04-17,6.66,-55.72,0.96,10.37,55.706,13.64,104.805,,
DNA,2026-04-17,8.03,-53.58,0.912,7.71,-3.985,9.09,13.201,,
FISV,2026-04-17,63.97,-33.45,0.907,55.33,-13.506,50.45,-21.135,,
ILMN,2026-04-17,134.5,-49.04,0.995,142.54,5.978,190.2,41.413,,
INOD,2026-04-17,46.93,-60.2,0.984,96.1,104.773,67.8,44.47,,
MTLS,2026-04-17,5.46,-39.82,0.823,5.68,4.029,6.77,23.993,,
OPEN,2026-04-17,5.29,-62.62,0.846,4.38,-17.202,4.765,-9.924,,
PACB,2026-04-17,1.69,-69.33,0.923,1.12,-33.728,1.56,-7.692,,
PDD,2026-04-17,104.79,-64.61,0.91,95.83,-8.55,85.13,-18.761,,
SLP,2026-04-17,14.37,-66.94,0.84,13.34,-7.168,18.24,26.931,,
TDOC,2026-04-17,5.69,-57.58,0.936,6.36,11.775,9.28,63.093,,
TEM,2026-04-17,55.87,-59.13,0.962,43.93,-21.371,58.23,4.224,,
TNDM,2026-04-17,20.61,-75.71,0.953,12.82,-37.797,15.41,-25.23,,
TSLA,2026-04-17,400.62,-45.86,0.884,422.24,5.397,407.76,1.782,,
UPST,2026-04-17,34.57,-58.07,0.908,29.51,-14.637,32.74,-5.294,,
ZETA,2026-04-17,17.98,-65.15,0.992,17.19,-4.394,21.49,19.522,,
ISRG,2026-04-24,482.22,-62.65,0.99,438.1,-9.149,345.42,-28.369,,
DXCM,2026-05-01,61.35,-75.16,0.987,73.74,20.196,71.54,16.61,,
FSLR,2026-05-01,211.71,-57.99,0.98,306.79,44.91,202.82,-4.199,,
SDGR,2026-05-01,12.39,-73.06,0.972,15.2,22.68,14.97,20.823,,
FLNC,2026-05-08,24.16,-42.14,0.861,22.91,-5.174,13.93,-42.343,,
AQB,2026-05-22,0.985,-65.55,0.739,0.94,-4.569,1.485,50.761,,
BHVN,2026-05-22,9.45,-65.11,0.854,13.57,43.598,14.64,54.921,,
EQT,2026-05-22,57.7389,-78.28,0.986,50.5614,-12.431,54.42,-5.748,,
API,2026-05-29,4.1,-50.67,0.933,4.06,-0.976,4.36,6.341,,
PW,2026-05-29,7.8,-39.13,0.946,10.07,29.103,7.8,0.0,,
SRPT,2026-05-29,17.87,-71.87,0.584,16.85,-5.708,18.79,5.148,,
ACHR,2026-06-19,5.57,-66.38,0.952,4.44,-20.287,,,,
NTLA,2026-06-19,15.67,-24.28,0.788,11.375,-27.409,,,,
OPEN,2026-06-19,4.47,-79.69,0.978,4.5,0.671,,,,
SMR,2026-06-19,11.74,-46.97,0.882,7.72,-34.242,,,,
XENE,2026-06-19,52.91,-77.97,0.917,68.26,29.012,,,,
BMY,2026-06-26,56.8779,-49.97,0.985,62.09,9.164,,,,
LRN,2026-06-26,87.12,-70.58,0.883,86.88,-0.275,,,,
PYPL,2026-06-26,44.29,-65.71,0.977,56.15,26.778,,,,
ARCT,2026-07-03,7.28,-79.04,0.715,5.76,-20.879,,,,
CGC,2026-07-03,1.0,-76.58,0.686,0.917,-8.3,,,,
CGEN,2026-07-03,2.28,-74.42,0.98,2.35,3.07,,,,
FISV,2026-07-03,52.33,-71.01,0.901,53.94,3.077,,,,
NIU,2026-07-17,2.62,-47.73,0.91,2.08,-20.611,,,,
EQT,2026-07-24,52.8642,-59.89,0.97,53.72,1.619,,,,
KMTUY,2026-07-24,40.73,-58.15,0.995,44.62,9.551,,,,
AI,2026-07-31,9.18,-67.52,0.871,10.33,12.527,,,,
DNA,2026-07-31,8.09,-75.5,0.881,7.26,-10.26,,,,
GSAT,2026-07-31,83.38,-20.82,0.519,82.05,-1.595,,,,
ACHR,2026-08-07,5.59,-53.76,0.872,5.56,-0.537,,,,
AQB,2026-08-07,1.17,-50.08,0.725,1.19,1.709,,,,
CNM,2026-08-07,46.55,-60.86,0.975,42.07,-9.624,,,,
CRSP,2026-08-07,53.52,-56.55,0.908,56.82,6.166,,,,
GBTC,2026-08-07,50.3,-71.8,0.913,59.76,18.807,,,,
HYFM,2026-08-07,1.6,-59.26,0.765,0.938,-41.375,,,,
JOBY,2026-08-07,8.64,-65.61,0.986,6.69,-22.569,,,,
NTLA,2026-08-07,11.94,-78.51,0.942,12.685,6.24,,,,
RDW,2026-08-07,13.59,-69.12,0.829,10.26,-24.503,,,,
SMR,2026-08-07,9.82,-63.19,0.793,9.21,-6.212,,,,
SRPT,2026-08-07,16.78,-76.16,0.748,21.33,27.116,,,,
SSYS,2026-08-07,8.92,-58.44,0.902,7.59,-14.91,,,,
TEM,2026-08-07,52.05,-49.51,0.952,62.27,19.635,,,,
UPST,2026-08-07,31.09,-52.77,0.829,27.39,-11.901,,,,
LRN,2026-08-14,83.36,-76.67,0.911,,,,,,
SYM,2026-08-14,42.7,-75.16,0.937,,,,,,
BEAM,2026-08-21,29.76,-62.55,0.983,,,,,,
COIN,2026-08-21,186.49,-17.61,0.864,,,,,,
CRCL,2026-08-21,87.98,-50.6,0.655,,,,,,
MSTR,2026-08-21,119.25,-57.17,0.897,,,,,,
PACB,2026-08-21,1.35,-63.64,0.956,,,,,,
SNPS,2026-08-28,464.89,-43.0,0.918,,,,,,
MCRB,2026-09-04,5.18,-78.02,0.935,,,,,,
SYRS,2026-09-04,0.0004,-25.0,0.107,,,,,,
